1,2,3,4,5,6,7
39.07613,65.12689,87.16985,280.0457,305.35430844896825,342.2760453573156,387.68110197794226
42.08199,66.12885,87.16985,183.3572,207.54102506986283,235.9804200036444,268.14586021571097
44.0859,64.62592,97.18936,115.2245,135.2635,160.3123,182.8563
31.38409,76.97585,84.16399,111.2167,170.3319,191.3729,216.4217
40.57906,62.12103,84.66496,113.7216,140.7743,167.326,181.8543
36.07028,58.6142,90.17569,112.2186,140.2733,159.8114,182.8563
36.07028,59.11518,82.16008,104.704,128.7509,154.8016,175.3416
33.06442,62.62201,86.66887,110.7157,131.2557,154.8016,174.3397
41.08004,73.64349,106.2069,135.2635,153.2987,176.8446,197.8856
38.57516,63.62396,80.15617,111.7177,132.2577,148.7899,174.8407
35.06833,55.10737,81.15813,110.7157,129.2518,154.3006,177.3456
33.5654,61.11908,84.16399,105.205,136.7665,152.7977,172.8368
38.57516,59.11518,82.16008,107.7099,133.7606,156.3045,177.8465
35.56931,59.61616,83.16203,109.2128,126.7469,149.2909,175.3416
36.57125,54.6064,104.203,123.7411,143.7801,261.0085,298.5818
33.5654,50.09761,99.19327,119.2323,135.7645,242.9734,286.5583
37.07223,55.60835,76.14837,94.68448,124.2421,149.2909,177.8465
38.57516,59.61616,85.16594,107.7099,137.2675,159.3104,178.3475
47.59273,70.63763,88.1718,115.7255,138.2694,161.3143,180.8524
40.57906,66.12885,90.67667,115.2245,131.7567,149.7919,181.3533
32.56345,56.10932,76.64934,101.1972,122.7391,145.784,170.3319
39.57711,62.12103,88.67278,113.7216,134.2616,155.8036,176.3436
36.07028,63.12299,84.66496,110.2147,133.2596,154.3006,176.3436
33.06442,53.60444,78.15227,101.6981,126.246,151.7958,177.3456
40.07809,64.62592,88.67278,109.2128,136.7665,161.3143,185.05636287358413
37.07223,59.11518,85.16594,107.2089,129.7528,153.2987,176.05448950367008
43.08395,70.13666,90.67667,106.7079,128.2499,181.8543,208.907
31.06052,62.62201,82.16008,116.2265,138.7704,159.8114,190.3709
41.58102,60.91801,79.15422,99.19327,122.63347248239188,144.10023488277074,165.01090214565875
43.58492,65.12689,85.66692,104.704,128.11376693843863,149.8750356323243,171.42237820994552
41.08004,64.12494,88.1718,106.2069,133.7606,170.3319,194.8797
31.56149,67.63177,89.67473,122.2382,143.7801,171.3338,198.8875
34.56735,57.61225,82.66106,105.205,129.7528,155.8036,179.35317496886336
41.58102,65.62787,88.67278,111.2167,136.7665,158.8094,181.74228616850894
56.10932,78.15227,95.68643,116.7274,133.7606,166.825,194.3787
44.0859,101.6981,122.7391,141.7762,183.3572,217.4236,250.989
40.07809,61.11908,89.17375,110.2147,131.7567,155.2636799910676,178.06458493078435
42.58297,64.62592,86.16789,122.7391,124.2421,143.71130423698395,163.26886267629277
33.5654,57.11127,86.66887,107.2089,126.246,148.2889,184.8602
34.56735,70.13666,89.17375,110.2147,127.7489,145.784,165.8231
37.07223,55.10737,83.66301,109.7138,134.58429103162544,158.79613281179655,182.47988018473143
41.08004,68.63373,89.17375,114.2225,138.00065703707628,160.5753752385457,183.5975805026327
34.56735,71.63958,96.18741,118.7313,136.7665,159.92307319771155,183.22332607753032
34.56735,51.60054,78.15227,100.6962,126.7469,150.77173200378792,173.68100629410264
34.56735,60.61811,84.16399,108.7118,132.7587,156.47800245259185,179.74928042884477
47.09175,72.64153,94.1835,123.7411,142.7782,165.50265307524063,188.4859839271645
37.57321,52.10151,75.64739,95.18546,117.2284,139.22862827704733,160.07715097154147
38.57516,61.11908,86.16789,106.7079,123.7411,145.63808248050876,166.9126333346881
28.79795,49.12591,73.40654,94.01684,119.45812778521741,142.9667641963865,165.19775569355647
30.49195,51.31723,68.60688,89.27502,113.93149331733224,135.99930940839428,156.83851417892373
45.58882,64.12494,93.68253,142.2772,182.3553,197.3846,217.9246
44.0859,73.14251,110.7157,142.2772,182.8563,210.9109,242.4724
46.0898,74.64544,106.7079,131.7567,155.93734657019698,180.45452114411236,206.08872500734765
40.57906,68.13275,99.19327,124.2421,148.96943666357518,173.61110687438162,198.85126395189002
45.08784,77.15031,99.69424,130.2538,195.8817,223.4353,251.991
45.58882,70.13666,103.2011,169.3299,202.8953,227.4431,248.9851
33.5654,59.11518,89.67473,116.7274,142.7782,163.8192,188.868
42.08199,63.62396,91.67862,116.7274,142.7782,167.827,188.868
37.57321,65.62787,89.67473,116.2265,141.7762,166.28666410303177,190.64354163918722
39.07613,63.12299,88.67278,111.2167,137.7684,162.14309325536334,186.03794339503116
38.07418,61.62006,87.67082,111.2167,137.7684,162.32970604646388,186.35622520071718
38.07418,64.12494,89.67473,113.7216,137.7684,161.8951532034334,185.66709019859883
43.08395,61.11908,86.16789,110.2147,134.2616,157.76220865613587,180.653809483278
44.58688,70.13666,98.19131,116.7274,143.2792,167.89876048864863,192.19550545693562
30.77428,52.10151,73.64349,97.18936,122.1966595603382,145.32223037777433,167.50437119110944
36.07028,58.6142,78.65324,98.19131,122.4376811268946,144.63948284826625,166.17721865518456
65.62787,105.205,158.3084,184.8602,208.4061,228.9461,247.4822
42.58297,81.6591,131.46012403060416,180.8524,223.9363,254.9968,291.0671
41.08004,67.1308,109.2128,149.7919,183.3572,207.4041,237.4627
39.07613,63.12299,100.6962,124.2421,159.3104,200.3904,230.95
43.08395,71.63958,92.1796,121.2362,145.784,172.3358,199.8895
38.07418,64.12494,92.68057,125.244,144.2811,160.3123,181.3533
38.57516,60.11713,93.18155,115.7255,139.7723,163.3182,178.8485
32.56345,53.10347,82.66106,105.205,132.2577,157.3065,182.3553
42.58297,64.62592,86.16789,111.7177,132.2577,154.6330699985399,176.74376628548742
39.07613,59.61616,86.16789,106.2069,128.2499,151.38120356426737,173.735740052288
46.0898,66.62982,86.66887,109.7138,133.2596,155.58069725420398,177.65256162819486
45.08784,66.12885,89.67473,112.7196,133.2596,155.75815771149277,177.9238001229503
38.07418,67.1308,90.67667,124.2421,151.7958,177.4484663382744,203.240230037221
40.07809,63.12299,89.17375,112.7196,138.2694,162.58688403966892,186.42758602661712
34.06638,56.6103,78.15227,101.1972,125.82741060170136,148.73718163190773,171.03440016159783
35.06833,58.6142,83.66301,101.6981,126.48026582133416,149.61501211158188,172.11835118551812
32.56345,54.10542,76.64934,100.6962,126.246,149.70842450785236,172.37054821225638
40.61201,67.68668,97.76965,125.9724,153.4231,179.8302347448282,206.07009589199623
34.06638,60.11713,102.7001,133.2596,159.7462555799008,187.4440860493687,215.5980516291866
45.08784,69.63568,97.18936,130.2538,154.20061326191524,178.4709158210812,203.73267325975996
36.57125,57.11127,78.15227,97.69034,120.7352,142.77483783587655,164.03261545935118
35.06833,56.10932,78.65324,103.702,123.2401,145.4899567030309,167.0568757420874
44.58688,64.12494,84.16399,103.702,126.9448249780862,148.53607292086045,169.82016089865675
42.08199,61.62006,82.66106,105.706,129.34819241725498,151.58179362811987,173.51361545508013
38.07418,63.12299,97.69034,127.2479,157.3065,185.29811854396962,212.8295317298261
37.57321,60.11713,95.68643,131.7567,151.7958,178.39664884985615,204.55028238024505
39.57711,82.66106,108.2108,136.2655,160.7568154984428,185.04924807589364,211.33704590082806
41.58102,74.14446,95.18546,116.7274,140.495605189916,162.9744286443823,186.2320031553868
37.97975,74.07932,94.38531,118.8277,140.2618,163.33884740177822,186.78912092493937
36.57125,56.10932,76.14837,102.1991,125.244,147.69488612366234,169.514565930714
43.58492,66.62982,90.17569,115.7255,154.8016,181.6874036950136,208.33635022813667
44.58688,67.1308,94.68448,114.7235,139.2714,163.31212471860636,186.9076684944675
37.57321,69.1347,89.17375,109.7138,134.7626,157.8378791665669,180.88284919046504
38.57516,63.62396,108.7118,128.7509,153.7997,182.06756741733943,209.40176293954687
36.42094,58.16056,83.57052,108.4158,133.10905188118224,156.7490090431585,180.0357021415398
39.07613,55.10737,71.13861,90.17569,113.69193028491988,134.71916622802365,154.61294564738256
39.57711,77.15031,110.7157,126.246,151.7958,177.89729110135622,203.97675991103938
34.97145,64.30235,101.9061,135.3734,174.1052,205.34598880411977,236.28264785781693
44.0859,64.62592,95.68643,126.246,153.2987,179.6766763321267,205.6930382948645
39.07613,90.67667,119.7333,140.2733,162.8172,188.70845849498363,215.64565108857346
34.56735,56.10932,82.66106,102.7001,124.2421,147.32086766077086,169.4896201708691
33.5654,54.10542,76.64934,103.2011,123.2401,145.7239506463851,167.4728464104016
30.05857,55.10737,78.15227,98.69229,123.91103793448043,147.21880034986035,169.7489070365769
30.05857,53.60444,75.64739,96.68839,121.81671260133272,144.93318985643702,167.14131420062
41.08004,114.3153,132.3651,150.78981904095846,172.69944801489643,194.41273192692233,220.85936989213633
37.60371,110.1789,131.613,150.44438266172273,173.00095952607836,195.58154040151766,222.66765990092966
39.57711,66.12885,86.66887,116.0388,154.7184,189.163,215.4197
40.07809,66.62982,102.7001,128.7509,171.3338,197.3846,222.9344
36.42094,72.55954,103.2011,126.246,151.4566797690175,176.33381743152654,202.17997492874696
31.62128,63.24255,91.47585,112.0861,137.60372110578334,161.99463556963508,186.42159740367566
50.59858,92.68057,127.2479,155.8036,196.3826,252.4919,295.0749
44.58688,77.65129,131.7567,180.8524,216.4217,253.4939,306.0964
54.90142,92.12909,136.2655,167.7126,207.9051,285.5564,338.6599
42.11616,74.45535,122.5881,148.9107,186.5144,224.8702,260.5937
43.58492,73.14251,97.69034,123.2401,147.7879,172.19983737842344,196.7691154807298
44.0859,75.64739,97.18936,131.2557,158.3084,183.63118499965398,209.5609980562158
44.0859,71.63958,97.69034,126.246,147.287,171.47931637510257,195.79123102662498
38.07418,63.62396,93.68253,118.7313,144.2811,169.82743152112494,194.91794440359217
45.08784,72.64153,100.1952,112.7196,128.2499,149.86692057953354,171.15828839829481
42.58297,67.1308,96.18741,123.2401,142.2772,166.35637617829443,190.20498232110037
34.06638,56.10932,79.15422,96.68839,121.40413537307866,144.13295131411525,165.95786974746136
33.5654,56.10932,77.15031,96.18741,120.80495936927979,143.3154922688839,164.96924115579912
38.07418,61.11908,94.68448,114.2225,134.7626,160.3123,184.21687290515018
36.57125,58.11323,82.16008,106.7079,128.7509,149.2909,171.18581125291848
35.06833,61.11908,85.66692,108.7118,128.7509,151.67330087957203,174.11091359792715
32.18594,54.6064,75.64739,95.68643,121.7372,144.59083530145395,166.59584264216676
36.63983,74.21913,109.9195,132.4671,159.7121,181.7899,216.4217
31.58712,70.69498,109.4268,133.2596,160.3123,188.868,235.4588
41.58102,70.63763,99.19327,120.7352,145.2831,166.3241,194.3787
44.0859,65.62787,92.1796,116.2265,141.2753,167.326,186.3631
45.08784,73.64349,100.1952,128.7509,162.3163,189.38509898609502,216.6442177519187
38.96193,61.83089,84.98219,106.7218,131.5671,154.86745510333978,177.64382887923108
43.08395,68.13275,93.18155,117.2284,141.7762,165.84322004485773,189.72107788909608
43.08395,66.12885,89.67473,116.7274,140.7743,164.58699789587953,188.2109551976979
30.55954,52.10151,74.64544,95.68643,116.2265,138.28154171812884,159.37136997983754
31.06052,52.60249,76.64934,96.18741,117.7294,140.17904956594293,161.6072106129531
30.55954,52.10151,77.15031,96.68839,121.99071486206886,145.4802263545438,167.89465494640507
29.55759,58.11323,80.65715,95.68643,120.90311338755468,143.7778092464975,165.8772559507325
42.58297,65.62787,88.1718,110.2147,128.7509,147.287,172.3358
45.58882,74.64544,97.18936,122.7391,147.7879,168.8289,196.8836
39.57711,64.12494,88.67278,110.7157,136.2655,165.8231,190.58217583807334
39.57711,72.64153,100.1952,122.2382,149.2909,177.8465,204.034760590239
40.57906,70.13666,99.19327,131.7567,155.3026,181.2704419200965,207.3740969176298
44.58688,72.14056,104.203,127.2479,157.3065,184.2060975878401,210.94131131059953
43.08395,70.63763,116.7274,153.2987,171.8348,200.88793839041563,229.82155103052935
44.74841,81.22401,115.4434,156.4314,193.8777,225.3775828393892,257.7167961217175
42.58297,70.13666,93.68253,118.7313,141.7762,165.4504656264105,189.12842085505088
32.06247,58.11323,82.16008,100.6962,123.7411,146.70303784551152,168.92540638536587
40.07809,55.10737,72.14056,99.19327,122.72878399757876,144.5284130050891,165.59135420543754
36.1386,49.12591,68.04221,96.84016,120.99095987281764,143.49331386665324,164.8997216096373
39.57711,79.15422,119.2323,145.2831,177.3456,201.8934,233.9558
64.62592,97.18936,133.7606,155.8036,177.8465,205.9012,233.4549
51.09956,81.6591,106.2069,125.244,145.2831,163.3182,185.8621
48.0937,86.16789,111.7177,126.246,153.2987,170.8329,191.3729
40.57906,64.12494,83.16203,110.2147,134.7626,157.68953045173873,180.44643995937804
40.57906,64.12494,83.16203,110.2147,134.7626,157.68953045173873,180.44643995937804
40.57906,62.12103,84.16399,107.7099,128.7509,151.09370323168014,172.98558100111683
39.07613,66.12885,85.66692,108.2108,132.2577,154.92902704180545,177.4350742427764
41.58102,67.1308,95.18546,114.2225,147.287,173.35540478488713,198.9747679566848
41.58102,63.62396,93.18155,119.7333,147.7879,173.70088985708873,199.14888788194685
41.58102,65.62787,86.16789,103.702,127.34817365366389,149.17477843547448,170.79369751679207
45.58882,73.14251,95.18546,124.743,148.1585008847736,171.1175264625582,195.10835639957128
41.08004,74.14446,100.1952,125.244,151.2948,181.8543,213.9168
40.07809,68.13275,92.1796,116.7274,145.784,169.8309,198.3865
40.57906,70.63763,102.1991,127.7489,151.2948,173.8387,193.3768
37.57321,68.63373,99.19327,129.2518,149.2909,173.3377,190.8719
36.07028,55.10737,80.15617,104.704,126.7469,149.91995298219362,172.26000491763256
38.57516,58.6142,84.66496,103.702,127.2479,150.44708704175744,172.79700257837925
33.06442,58.6142,77.65129,99.19327,121.7372,143.75151222356374,165.2357741254043
37.07223,56.6103,79.6552,101.6981,123.7411,146.22497710437887,167.9196351510401
33.06442,53.10347,78.65324,98.19131,120.7352,143.64695408171843,165.49917076011667
35.06833,63.62396,87.16985,110.7157,130.2538,153.05948399202924,175.56770177328036
31.56149,51.60054,75.14642,95.18546,120.23899172718667,143.37765786849394,165.37593434742877
34.06638,55.10737,76.14837,92.68057,117.21346618553355,139.44506013758723,160.5956983299027
40.57906,66.62982,96.68839,123.7411,139.7723,163.3182,192.8758
39.07613,63.62396,90.67667,125.745,160.8133,179.8504,211.9129
37.57321,66.62982,90.67667,120.2343,142.7782,167.03204656233206,191.28489897643158
36.07028,65.12689,90.17569,113.7216,140.7743,165.57240034624627,190.10073893559758
37.57321,60.11713,83.66301,102.1991,121.2362,143.0054490912986,164.0799250920137
40.57906,59.11518,80.65715,99.19327,115.2245,135.63801869443947,155.2943545958292
39.07613,60.11713,87.67082,107.7099,129.2518,152.53484412893417,175.05038980961518
38.57516,58.6142,98.69229,133.2596,156.8055,184.85779439209264,212.20862108121332
36.57125,63.12299,83.66301,102.1991,126.44708965483663,148.73542357486483,170.72307118460196
43.31503,65.46852,87.62201,106.1426,129.72033237878065,151.78358505155177,173.67217638867197
47.38068,79.34383,112.8111,145.1503,169.9688,208.3246,246.6803
47.09175,95.18546,126.7245,166.9605,194.4112,235.3992,277.5154
43.08395,72.64153,98.69229,125.745,161.3143,183.3572,221.9324
44.0859,72.14056,99.69424,124.743,160.8133,182.8563,209.909
43.08395,69.63568,92.68057,112.2186,135.7645,158.3084,180.8524
59.61616,81.15813,106.7079,128.2499,146.285,168.328,190.3709
46.0898,78.65324,111.7177,133.2596,157.3065,180.3514,206.4021
41.08004,63.12299,87.67082,108.2108,128.7509,155.8036,178.3475
43.08395,71.13861,103.2011,127.7489,149.7919,171.8348,194.8797
48.59468,75.14642,94.1835,113.7216,141.7762,165.3221,183.8582
51.60054,74.64544,96.18741,123.2401,149.7919,171.8348,198.8875
41.08004,65.62787,86.16789,108.2108,136.2655,166.3241,193.8777
47.59273,70.63763,100.1952,124.2421,150.2928,173.8387,200.3904
42.58297,72.64153,97.69034,118.2304,137.7684,159.3104,178.8485
42.08199,71.63958,96.68839,125.244,149.2909,172.8368,195.8817
57.61225,79.6552,102.7001,130.7548,151.2948,171.8348,191.8738
42.58297,65.12689,91.17764,116.2265,135.7645,161.3143,191.3729
43.58492,66.62982,88.1718,116.7274,138.7704,159.8114,183.8582
44.58688,75.14642,97.69034,119.2323,146.285,169.3299,198.3865
44.58688,71.13861,89.67473,110.7157,143.2792,162.8172,188.868
61.62006,83.16203,110.2147,142.7782,174.3397,202.8953,224.4373
52.10151,77.15031,103.702,125.745,151.2948,174.3397,200.3904
56.10932,80.15617,101.1972,120.2343,151.7958,182.8563,208.907
50.59858,80.15617,103.2011,122.7391,143.7801,164.8211,189.7755
53.10347,78.15227,107.2089,127.2479,152.7977,173.8387,199.3885
55.10737,78.65324,105.205,129.7528,155.3026,177.3456,208.907
53.60444,79.15422,102.1991,124.2421,150.2928,180.8524,210.41
47.09175,67.1308,94.68448,118.2304,150.7938,181.8543,214.4178
52.60249,75.64739,101.1972,129.7528,158.8094,182.3553,206.4021
49.59663,71.13861,93.68253,123.2401,144.7821,170.8329,194.8797
43.58492,76.64934,99.69424,123.7411,149.7919,175.3416,194.8797
44.58688,73.14251,97.69034,118.7313,144.7821,172.8368,193.3768
46.0898,74.64544,104.704,129.2518,160.3123,181.3533,206.4021
47.59273,75.14642,96.18741,117.7294,139.7723,164.3202,186.3631
57.61225,76.64934,100.6962,129.7528,155.8036,177.3456,198.8875
50.09761,77.15031,99.19327,119.2323,140.2733,166.825,186.3631
38.57516,58.11323,81.6591,105.205,126.7469,149.7919,170.3319
47.59273,73.12421,93.16983,115.1918,137.7684,158.3084,182.3553
46.0898,80.15617,103.702,133.2596,155.3026,177.3456,203.8973
53.10347,81.15813,101.1972,125.244,148.7899,174.3397,194.8797
46.0898,69.63568,97.69034,123.7411,145.2831,169.3299,192.3748
58.6142,80.65715,104.203,128.2499,147.7879,168.8289,194.3787
49.59663,78.65324,98.69229,122.7391,141.2753,169.8309,199.3885
51.09956,74.64544,95.68643,123.2401,149.2909,169.3299,194.3787
43.08395,68.63373,96.18741,118.2304,140.7743,165.8231,194.3787
54.6064,75.14642,95.18546,118.2304,140.2733,167.827,190.8719
48.59468,76.64934,101.1972,119.2323,138.7704,163.8192,186.8641
42.58297,68.63373,96.18741,123.7411,145.784,170.3319,198.3865
45.58882,62.12103,91.67862,117.7294,140.2733,158.8094,176.3436
48.59468,78.15227,99.69424,121.2362,140.7743,164.8211,186.8641
36.57125,65.62787,93.18155,123.7411,154.3006,177.8465,203.3963
45.08784,71.63958,99.19327,125.244,145.2831,169.3299,189.8699
38.07418,63.62396,91.17764,117.7294,138.7704,162.94176320521993,186.76289843398388
34.56735,59.61616,88.67278,117.7294,138.7704,163.5118624746889,187.76224009689872
40.07809,60.11713,87.67082,115.2245,138.2694,162.62445986613167,186.41066863840172
44.58688,67.63177,96.18741,117.2284,135.7645,158.8792833855863,181.5968008017582
35.56931,57.11127,84.66496,105.205,127.2479,150.7176721644474,173.31261469402494
40.07809,61.62006,93.18155,114.7235,136.2655,160.6531994490957,184.30363824427036
32.06247,56.6103,79.6552,101.1972,126.18811218490937,149.44099098779824,172.0685954075904
41.6081,59.94387,82.86359,101.9046,125.72535668149165,147.9875109145175,169.6383946200648
29.55759,59.61616,98.69229,126.246,152.7977,181.1470363680953,208.82027859049583
35.06833,63.12299,86.16789,112.2186,134.7626,158.33959692255502,181.66742348728354
35.56931,60.61811,84.16399,108.2108,132.85903666093512,156.21120404170767,179.37693773931449
43.58492,67.1308,95.18546,116.7274,140.80345935990402,164.2794128407351,187.98304043883303
38.57516,86.66887,109.2128,128.2499,147.7879,165.8231,184.8602
45.58882,65.12689,106.2069,121.2362,140.2733,164.3202,187.866
36.85164,66.55857,90.2489,120.3319,143.2701,165.8324,195.5393
53.77331,79.71986,109.8028,127.4766,153.0471,181.2499,208.7006
44.0859,71.13861,93.68253,120.7352,151.2948,176.54657633089505,201.9035393523643
44.0859,71.13861,95.18546,123.2401,141.2753,164.28025222518642,187.40872155207785
32.46828,60.13689,84.98219,107.2865,129.8731,153.43094598637876,176.45670320048634
30.05857,54.6064,81.15813,107.7099,131.7567,156.2643884821419,180.0329111542552
37.60371,57.90971,86.1125,106.4185,127.8526,151.23681257629056,173.73992250487277
40.07809,62.12103,90.67667,118.2304,142.7782,167.81453685647156,192.3779689412782
45.12445,67.68668,89.49683,114.3153,137.70135116685918,160.1199555027688,182.84071821288757
35.72353,56.7816,83.48024,104.1623,129.0120176156859,152.58062501402125,175.49911937020897
44.60859,77.92386,103.6161,125.0734,152.7421,177.89064674247865,203.31706058607682
43.58492,70.13666,96.18741,123.2401,151.2948,176.76746152040087,202.22223889790018
44.0859,81.6591,107.2089,131.7567,152.7977,177.09880517469054,202.0149791774682
32.06247,63.12299,93.18155,129.2518,154.3006,181.27645634226928,208.1889869847463
37.26794,55.10737,76.14837,111.2167,131.2557,161.8153,193.3768
40.98804,68.81479,90.62494,119.2038,142.5181,160.5678,178.9937
46.0898,67.63177,92.1796,115.2245,134.7626,163.8192,193.3768
30.20961,64.65422,86.39385,107.2865,135.5198,160.6474,180.693
36.07028,60.11713,84.66496,109.7138,132.7587,156.41568750453862,179.56381907199926
44.0859,95.68643,118.2304,138.7704,161.8153,186.351483848555,212.28927278772824
41.36408,62.7982,95.13739,118.4517,141.0139,165.98453477105468,190.2997216434597
35.34749,63.17424,93.2572,118.4517,140.2618,165.16729735796977,189.6462941571732
45.58882,74.64544,117.7294,139.2714,156.8055,183.44292013521263,209.78916679144731
43.08395,74.64544,95.18546,115.2245,135.2635,157.33245235322227,179.59178689819532
43.58492,68.13275,90.67667,107.7099,131.29347036058033,153.3539092144368,175.41229571241888
46.0898,69.63568,93.68253,117.7294,141.19374243919273,163.94616634203948,187.16426881641718
38.98853,60.12689,80.79552,106.1616,125.8907,147.9685,171.9253
43.24427,71.44705,91.75305,117.3236,137.6296,162.072,188.7706
41.58102,70.63763,99.69424,127.7489,145.784,170.04833381816192,194.34022650380842
31.06052,58.6142,87.16985,111.2167,133.7606,158.32670287723994,182.26367139020732
35.56931,63.12299,89.87286,113.7216,136.7665,161.0204840069092,184.87195517065476
40.55027,68.05393,95.9102,118.1247,136.1079,159.35454161386244,182.34764235649317
46.59077,66.62982,91.67862,111.2167,135.7645,159.02481865539315,181.81560762233272
55.10737,75.64739,102.7001,123.7411,146.786,170.39097691445917,193.9262720628589
54.10542,92.1796,127.2479,164.8211,195.8817,225.95640756706274,257.2629687307395
41.08004,91.17764,116.7274,141.7762,171.8348,198.94275828635946,227.28649075413887
34.56735,72.64153,96.68839,140.7743,165.80046288953875,191.31928568068528,218.7687517397908
36.57125,63.62396,119.2323,138.2694,165.49464842470144,194.6231650290491,224.1488428875926
40.57906,63.62396,88.1718,113.2206,147.287,170.8329,199.3885
31.33894,56.18423,81.87653,110.6745,144.2811,171.3338,199.3885
35.06833,57.11127,82.16008,105.205,129.7528,155.8036,179.32124254137835
48.59468,74.14446,97.69034,120.7352,145.784,167.326,190.6782811065296
41.80698,65.76379,86.43242,103.3431,127.2999,149.40296847452672,171.08484045842096
35.06833,53.10347,77.65129,102.1991,127.2479,150.88663033547346,173.59471227093792
33.06442,60.11713,85.16594,109.2128,132.2577,156.10957180748613,179.4634938639274
46.59077,72.64153,94.1835,123.2401,142.2772,164.97915029120057,187.93390231636317
32.56345,56.10932,81.15813,102.1991,124.2421,147.32318664645547,169.58884476643414
39.07613,61.11908,86.16789,106.2069,124.2421,146.268972339411,167.6486576098485
28.55564,48.59468,74.64544,93.18155,118.78449355874571,142.47060372213193,164.76378792138843
38.35579,57.11127,78.65324,97.39361,121.47437832003496,143.65912738190755,164.99017082822746
52.10151,91.67862,136.2655,157.8075,175.8426,189.369,208.4061
49.59663,73.14251,108.2108,141.7762,166.825,196.8836,221.4314
44.0859,72.64153,99.19327,125.745,145.784,164.8211,183.3572
56.6103,91.17764,128.2499,154.8016,187.866,209.408,241.9715
33.5654,59.11518,83.16203,108.7118,132.7587,156.6646152436924,180.06756223453073
39.07613,63.62396,89.17375,115.2245,138.2694,162.30102311975287,185.99075915705725
44.58688,68.13275,95.18546,118.7313,145.2831,170.0860252913708,194.61304773035448
47.09175,70.13666,98.19131,122.7391,147.287,171.96666259779667,196.45918626422656
42.08199,62.12103,86.66887,110.7157,134.7626,158.27856368468656,181.27339015768126
37.07223,60.11713,88.1718,110.2147,134.2616,158.54008871821466,182.1279766466484
33.06442,58.11323,80.15617,103.2011,128.0047986549875,151.1393257479277,173.825139804475
40.07809,63.62396,86.66887,106.2069,130.25023292190082,152.80922054676347,175.14700008290305
48.13275,70.69498,88.74477,115.4434,138.3817,160.9439,181.2499
40.57906,65.62787,91.17764,114.7235,132.2577,150.2928,179.8504
37.57321,64.12494,85.16594,109.7138,132.2577,159.3104,180.8524
45.58882,69.63568,96.68839,123.2401,145.2831,166.825,186.8641
46.0898,74.14446,99.69424,128.7509,162.8172,189.7906231076424,217.00280392536848
49.59663,70.63763,94.1835,122.7391,142.7782,165.77452783212462,188.79303816347806
49.09566,76.64934,101.6981,126.246,150.7938,175.09238417845316,199.62556813805008
46.59077,72.64153,98.69229,125.745,150.7938,175.59365646236094,200.48026875380629
34.56735,57.11127,80.65715,102.1991,125.244,148.19363681213707,170.39935100655794
35.06833,58.11323,86.16789,105.205,124.2421,147.11319500206918,169.12877986862048
34.06638,59.61616,84.16399,105.205,130.09389252284436,153.49670105583664,176.51674881736903
33.06442,64.12494,87.16985,103.2011,128.07663556480713,150.97768207591497,173.6514230610619
45.58882,72.64153,97.18936,129.2518,165.3221,188.868,209.909
37.07223,74.64544,97.18936,151.2948,166.825,180.8524,209.408
39.07613,64.12494,91.67862,114.2225,139.2714,165.3221,189.7641310570682
48.0937,74.64544,97.18936,120.7352,146.285,166.3241,189.41272048262783
36.1386,69.45388,100.2282,131.8494,153.3067,180.4107,215.42
38.57516,84.16399,120.7352,143.7801,169.8309,198.3865,231.9519
42.08199,71.13861,98.69229,119.7333,144.7821,165.8231,193.8777
45.08784,66.12885,91.67862,116.2265,140.7743,167.827,200.8914
44.74841,62.42216,100.4019,121.836,160.1918,189.3967911501054,217.66267862484005
41.99244,66.46047,90.2672,128.2919,152.0986,177.1945477823442,202.4534692206267
44.74841,77.46365,100.4019,119.5798,138.3817,160.7135045007407,183.30191012297882
38.73182,60.16594,101.53,119.9558,137.6296,163.05710722619187,187.38728113782037
49.45378,82.42297,98.46203,119.4019,136.332,156.9168596072409,178.17974103009198
61.48307,81.08638,99.35308,119.8474,135.8865,155.8890953073606,176.22660097519878
47.67166,74.84896,105.5905,139.4507,188.0135,219.7470197432692,251.7369537856914
53.46354,78.85873,110.0458,135.8865,153.7077,177.95667021060063,202.4154626984207
42.08199,86.43273,128.3125,150.589,170.1923,195.5875,224.1013
49.89931,69.94814,87.32378,113.1645,139.0052,164.8459,188.0135
26.55173,38.07418,60.11713,70.13666,85.16594,112.7196,122.7391
23.99829,44.60859,55.9019,72.27721,84.41752,98.81649,110.9568
56.58225,81.97743,101.5807,127.867,158.163,181.776,209.8444
49.89931,84.65061,104.6994,125.6393,154.1532,186.6769,210.7355
41.58102,64.12494,93.18155,122.7391,149.7919,176.8446,200.3904
37.07223,61.11908,88.67278,116.2265,145.784,168.328,191.3729
42.58297,70.13666,108.2108,138.7704,169.8309,199.1142431385262,228.23342928131257
47.09175,69.63568,98.19131,127.2479,152.7977,178.260711128841,203.62488714712833
42.58297,70.13666,94.1835,127.7489,149.2909,173.67519892744312,198.30225791613174
34.06638,59.61616,81.6591,105.706,134.2616,158.52295723338364,182.29477632074122
60.59202,81.97743,100.6897,119.8474,139.8963,160.83278823988067,182.11731110492423
52.12695,85.54167,112.719,149.2524,183.1126,211.58201340857048,241.05404154642395
33.41471,41.43425,57.47331,77.96767,93.11568,111.8279,126.9759
26.28624,37.87001,54.80013,75.74002,90.4425,103.8084,120.7385
39.85993,63.92631,93.2572,117.6996,141.0139,163.2001,193.6591
37.22768,64.67838,92.50513,114.3153,134.6213,160.5678,191.0269
21.38542,34.7513,55.69119,69.94814,81.97743,91.33355,100.6897
19.6033,31.18707,47.67166,61.03754,73.9579,82.86849,91.33355
44.58688,72.14056,92.68057,115.2245,134.2616,154.8016,176.3436
50.09761,78.15227,102.7001,123.7411,145.9024,162.448,180.8738
41.08004,66.62982,92.1796,116.2265,135.2635,157.3065,177.3456
45.58882,70.13666,91.17764,112.2186,136.2655,158.3084,179.8504
45.87653,70.69498,93.63324,119.5798,142.8941,166.4144123262771,189.9549459022394
43.08395,71.79478,92.68057,111.8765,136.5422,159.40762029570206,182.25245169177003
39.4839,59.7899,80.84798,103.0342,123.7162,145.5286045732591,166.75119561188728
39.07613,65.12689,91.17764,118.2304,139.2714,163.1917028046915,186.88201447437962
46.59077,71.63958,109.2128,125.745,148.2889,173.95597691192495,199.0995700742743
63.12299,84.16399,99.19327,116.7274,136.2655,156.06617792078333,176.3365885409831
38.07418,62.62201,78.65324,97.18936,108.2108,126.6861420842859,144.7847885129695
38.57516,58.11323,82.16008,101.6981,117.2284,138.27034685602888,158.50472177514814
40.07809,65.12689,89.17375,109.7138,131.2557,161.3143,185.3611
47.09175,73.64349,97.69034,116.7274,133.2596,149.7919,183.8582
54.6064,77.15031,100.1952,127.2479,151.2948,183.8582,215.9207
51.60054,67.1308,90.17569,114.2225,138.2694,164.8211,185.3611
40.07809,65.62787,88.1718,113.2206,134.2616,157.14109324145525,179.82130070913576
36.07028,65.12689,84.66496,111.2167,132.7587,155.44814215428244,178.0837446813241
38.57516,58.11323,85.66692,105.706,124.2421,146.77887536140145,168.44163163818513
37.57321,61.62006,93.18155,116.2265,143.7801,169.78198399238175,195.12218050227796
40.57906,62.62201,82.66106,108.2108,130.7548,153.21666197237852,175.35653257459433
42.08199,60.61811,82.66106,108.7118,131.2557,153.9993926377663,176.2467196446878
35.72353,53.77331,74.07932,95.13739,119.43006133871845,141.7147464242115,162.9782652192373
35.56931,62.62201,86.16789,106.7079,131.34356823761914,154.4559834377602,177.39201778422972
45.58882,69.63568,97.69034,120.7352,144.2811,170.3319,195.3807
51.60054,71.13861,90.67667,113.2206,134.7626,152.7977,175.8426
46.59077,71.63958,93.18155,129.7528,152.2967,171.3338,191.8738
44.58688,64.62592,85.66692,115.7255,138.2694,170.3319,193.3768
49.09566,74.14446,95.68643,113.7216,132.2577,153.60135372911674,174.92645459025834
48.59468,69.1347,86.16789,109.2128,131.7567,153.18743697111537,174.5435348234521
37.07223,64.12494,92.1796,114.7235,140.2733,165.19140323382868,189.67125438089676
44.58688,70.63763,101.1972,114.2225,131.7567,154.44010957218217,176.63224476743653
39.57711,66.12885,91.17764,116.2265,142.2772,166.8662042673774,191.2316293668767
41.58102,67.63177,97.69034,121.7372,150.7938,177.02728999748118,202.9508990712672
43.08395,69.1347,95.18546,117.7294,141.71583516023185,164.98396579377084,188.6855080360575
44.58688,71.13861,95.18546,119.7333,143.3932023808315,166.35950033397395,189.97978746101938
35.56931,63.62396,89.17375,112.2186,135.2635,160.3123,179.8504
44.0859,66.62982,89.17375,111.2167,135.7645,155.3026,175.8426
44.0859,66.12885,91.17764,118.2304,140.2733,163.8192,186.3631
37.07223,62.12103,86.16789,112.7196,137.2675,155.8036,179.8504
44.58688,69.1347,98.69229,121.2362,146.786,171.89759799108256,196.71190835140345
48.59468,76.64934,98.19131,122.7391,147.287,170.82338347470358,194.67861769578747
50.09761,73.14251,98.19131,120.7352,139.2714,161.76723853158546,184.22261243798908
41.08004,72.64153,93.18155,110.7157,137.7684,161.07156372888534,184.39389646227863
49.59663,67.1308,86.66887,110.2147,129.7775,150.99356684152323,171.96343142349502
46.59077,68.63373,95.68643,117.7294,139.7723,163.34881730501885,186.6097794585956
47.59273,70.13666,94.1835,115.2245,138.48775853744206,160.86995270747903,183.58908915890362
37.07223,60.61811,82.16008,113.7216,138.06996787356877,161.52687097633682,185.10691660827746
42.08199,58.11323,83.66301,108.7118,132.7587,153.2987,175.3416
46.0898,66.12885,90.67667,115.7255,141.7762,161.3143,182.8563
43.08395,70.63763,95.18546,118.2304,141.2753,166.825,192.3748
44.0859,68.13275,92.1796,119.2323,141.7762,165.3221,191.3729
48.59468,70.13666,94.1835,115.7255,137.7684,160.58215450834052,183.187034030225
53.60444,77.65129,99.19327,119.7333,144.7821,167.7426327971375,190.8801686810595
47.59273,69.63568,93.18155,117.7294,138.7704,161.6103445124094,184.3281468463088
44.58688,76.64934,98.19131,120.2343,149.7919,174.38875158555584,199.2908058761529
50.59858,75.64739,95.68643,116.7274,139.2714,161.46547967903354,183.81855306551864
35.34749,67.68668,93.63324,121.1208,146.5307,171.81731174085522,197.09782970554153
48.0937,76.14837,103.2011,131.7567,155.30274269021294,179.00419449432223,204.00925769560257
41.08004,69.63568,94.1835,119.7333,143.86053779608534,167.27851955440659,191.33212979210236
49.09566,71.63958,97.69034,118.2304,143.7801,165.8231,187.866
41.58102,63.12299,89.67473,112.7196,137.2675,166.825,192.8758
44.0859,70.63763,98.19131,127.2479,155.8036,181.3533,207.4041
49.59663,71.13861,95.18546,119.2323,147.287,171.3338,201.3924
41.74012,73.70328,103.8985,136.9314,168.4646,191.4029,211.7089
42.08199,72.14056,101.6981,146.786,174.3397,190.8719,213.4158
52.10151,76.14837,97.69034,120.2343,139.7723,161.3143,186.8641
55.27746,81.22401,109.8028,132.7411,160.9439,189.5227,218.4776
45.08784,65.12689,88.67278,116.2265,143.7801,168.20958322014778,192.3648078300825
45.08784,68.75916,89.67473,113.2206,133.7606,155.88985101524324,177.9153543051728
50.53758,71.14787,100.7928,127.2479,150.7938,175.6724982333097,200.38920067780924
46.0898,75.64739,97.18936,121.2362,149.2909,173.6204239978877,198.23042617336205
35.56931,60.61811,85.66692,103.6161,123.6618,146.08415551946499,167.82440374545837
46.59077,71.13861,91.17764,116.7274,141.7762,164.95454454396503,188.21576879800074
37.22768,59.7899,85.36043,110.931,135.5545773030895,159.25696384415212,182.77995118678484
44.0859,63.12299,81.6591,101.9221,125.09764823226597,146.47671188566827,167.47454653734906
40.57906,63.62396,85.66692,109.7138,134.2616,159.8114,191.8738
43.19693,60.34285,87.67082,111.7594,139.7723,159.8114,182.84396751087854
23.0449,32.56345,44.0859,53.10347,70.63763,83.66301,99.69424
21.041,34.56735,47.59273,64.62592,75.64739,83.16203,96.18741
47.09175,71.13861,94.1835,120.2343,146.285,168.328,191.8738
42.08199,69.63568,94.68448,121.2362,150.7938,188.868,212.4139
48.0937,71.13861,103.2011,130.2538,148.2889,173.8387,209.909
42.58297,63.12299,82.66106,104.704,126.246,150.7938,179.3495
32.06247,58.6142,90.17569,118.2304,139.7723,165.17293196245888,189.9806405114827
44.58688,64.62592,87.67082,110.2147,133.7606,156.67185148603454,179.15957329344366
45.58882,70.13666,90.67667,118.2304,141.7762,164.9587160521405,188.23091957139235
58.11323,77.15031,95.18546,117.7294,145.784,168.4966913075311,191.4088534780749
45.58882,64.12494,85.16594,105.706,127.7489,149.57060729298863,170.90951971700832
50.59858,77.65129,93.68253,111.2167,131.2557,151.7556427797571,172.52391200583776
39.07613,62.62201,85.66692,108.7118,132.89572767814545,155.8092546436337,178.60055585734796
45.83943,66.49402,97.8825,121.0109,145.1022250469318,169.13913643971836,193.4444725418807
48.59468,69.63568,110.7157,134.2616,158.3084,182.3553,203.3963
49.59663,73.64349,102.1991,123.2401,147.287,169.8309,193.66625760980168
45.08784,63.62396,92.68057,121.7372,142.7782,167.11769948586533,191.02862954454127
42.58297,61.11908,84.66496,103.2011,125.745,148.01824043636614,169.5660201012779
53.10347,80.65715,117.7294,161.3143,183.8582,213.9168,243.9753
51.60054,78.15227,105.706,125.745,149.2909,173.8387,205.4002
45.58882,70.63763,99.69424,121.7372,146.786,171.3338,197.3846
47.59273,78.65324,110.2147,131.7567,168.8289,187.866,215.4197
56.10932,84.66496,109.7138,138.2694,162.3163,187.02150785037085,212.4407706817849
69.63568,94.68448,121.2362,147.7879,167.326,190.98603903208993,215.64958681083357
51.60054,83.16203,110.2147,135.2635,171.3338,198.88754917922802,226.97546471870731
51.09956,79.15422,110.2147,138.2694,167.326,194.37191298995978,221.73288673278927
46.59077,64.12494,85.66692,106.2069,128.7509,150.73060291463102,172.19887135202816
50.59858,78.15227,94.1835,110.7157,131.7567,152.39678859651175,173.30442419751586
45.08784,68.13275,89.17375,112.2186,135.5341701034432,157.6711636666737,180.05034864829463
34.56735,64.12494,84.16399,102.1991,126.65112987922485,149.0043138114372,171.14946235788335
41.08004,64.12494,84.66496,105.205,127.7489,150.7938,181.3533
51.60054,76.79453,91.75817,110.3672,126.246,146.285,168.8289
39.57711,74.64544,104.203,125.244,151.2948,170.3319,190.8719
53.10347,85.66692,105.205,131.989,156.4314,174.4812,209.0766
39.57711,67.63177,96.18741,126.7469,164.3202,192.87633483931313,221.36328711301366
59.11518,85.66692,112.7196,142.7782,166.825,192.021959626923,217.9425879731765
47.09175,73.64349,102.1991,127.2479,148.7899,173.2195180429292,197.6812866149741
43.08395,71.63958,101.1972,127.2479,153.2987,179.15561393537698,204.99186242308735
46.0898,70.13666,92.68057,111.7177,131.2557,153.07767421844213,174.6972188552847
46.0898,72.14056,104.704,135.2635,154.8016,180.2675149248923,205.76924318734973
52.10151,77.15031,107.2089,137.2675,160.59688401987077,184.67631965737746,210.2097463552616
53.60444,71.13861,98.89776,125.2204,148.10946610601047,171.14346696558118,194.8295116739559
44.0859,73.64349,108.2108,141.7762,166.3241,199.3885,226.9422
51.09956,72.14056,98.69229,129.2518,151.2948,174.8407,197.8856
59.11518,96.18741,126.7469,146.786,168.328,194.8797,224.9383
53.60444,79.6552,110.2147,135.2635,155.3026,177.8465,199.3885
50.25525,82.15886,102.7001,126.7674,147.3777,170.04370758558568,193.34547598142711
54.10542,74.64544,94.1835,117.2284,140.2733,162.39139503684135,184.6172291767918
53.10347,75.64739,109.2128,137.7684,161.25323361211645,185.758277638361,211.55086948711005
59.61616,77.15031,108.2108,136.7665,159.25535550891203,182.7382687472402,207.4887530061527
54.10542,82.16008,102.1991,122.2382,149.7919,173.16035683764724,196.98139525400728
72.64153,90.67667,112.2186,138.2694,164.3202,187.74182615849543,211.95815487858613
60.11713,87.67082,108.2108,128.7509,150.2946787813757,171.3042056836796,193.95104067874826
47.09175,75.14642,98.19131,123.7411,147.0424194341439,169.7808050724046,193.52819797359183
61.11908,90.67667,120.2343,147.287,170.3319,192.3748,215.4197
56.6103,82.16008,109.7138,133.7606,165.8231,196.8836,224.9383
54.10542,79.15422,108.2108,142.7782,170.3319,194.3787,223.4353
52.10151,75.64739,103.702,129.2518,157.3065,189.369,216.9227
39.07613,67.1308,98.19131,124.743,163.3182,192.222870665374,220.86453947490173
48.0937,77.65129,104.203,136.2655,161.8153,187.61030407075089,213.900930637368
42.08199,76.14837,103.702,130.2538,158.3084,184.5550935530835,211.1229049572337
49.09566,73.64349,101.1972,124.2421,157.8075,184.25482275403635,210.64303031907156
35.06833,55.10737,78.65324,101.1972,133.7606,158.70423689565104,182.78786752674796
39.07613,70.13666,92.1796,114.2225,139.2714,162.93333081715664,186.5999737624955
44.74841,69.19083,95.13739,113.9392,137.6881972365785,160.4787724087729,183.49226291889426
39.57711,61.62006,88.67278,113.2206,137.6875712401046,161.43125266749038,185.09831642000262
50.09761,79.6552,106.7079,134.2616,164.3202,201.3924,230.449
47.59273,83.16203,110.7157,133.2596,165.8231,199.8895,223.9363
39.07613,67.63177,98.69229,123.2401,158.3084,187.3651,212.4139
42.08199,70.63763,100.6962,130.7548,160.8133,189.369,220.9305
42.08199,60.61811,87.16985,110.7157,138.7704,163.45008039287714,187.45367060823042
49.59663,71.13861,93.18155,115.7255,137.7684,160.23904925141113,182.61638110375281
42.08199,66.12885,91.67862,113.2206,137.7684,161.61043058970304,185.0764797471922
42.58297,67.63177,97.69034,126.3485,148.2889,173.42588540473488,198.3822812960554
55.10737,76.64934,108.2108,131.7567,154.3006,179.1545267300897,203.97503884958974
47.59273,78.65324,108.7118,133.2596,166.825,194.4241458814508,222.27960563825525
48.13275,71.44705,92.50513,113.5632,136.51556187363457,158.30717385213768,180.49368623165293
46.59077,75.14642,102.7001,123.2401,146.94912333903136,170.18725654552338,194.27609365254858
48.13275,68.43875,91.00098,113.9392,133.8692,154.1752,176.3614
44.9268,70.58321,91.47585,111.5215,133.8258,154.4361,174.4817
45.08784,72.64153,96.68839,123.7411,143.2792,170.3319,202.8953
45.08784,77.15031,100.1952,122.2382,144.7821,166.3241,189.8699
45.08784,74.14446,105.205,126.246,146.285,170.8329,194.8797
51.09956,74.14446,103.702,140.7743,170.8329,198.8875,221.4314
56.6103,77.15031,95.68643,116.7274,141.7762,162.8172,192.3748
43.08395,71.63958,101.6981,129.2518,149.7919,185.3611,211.9129
39.57711,71.13861,101.6981,129.2518,155.3026,181.73726200184714,208.2024960334242
44.58688,72.14056,107.2089,139.2714,169.3299,197.88409789279407,226.47079035918318
45.17326,63.52489,86.67618,107.0041,131.2848,154.02986868673108,176.20753131653606
38.07418,59.11518,77.65129,101.1972,120.7352,141.92226218864187,162.59883971165112
50.09761,68.63373,97.69034,118.2304,138.7704,162.09341044517365,184.95723002628063
46.59077,76.14837,100.1952,121.2362,142.2772,165.34079639183264,188.57720280819717
47.09175,69.63568,92.1796,120.2343,143.4775364269218,166.18406718197062,189.51014906815266
51.09956,70.13666,90.17569,111.7177,134.21805159340835,155.55600808107545,177.12329295806052
29.55759,59.61616,98.69229,125.244,152.2967,180.64560623269878,208.2884553446546
41.08004,70.63763,94.68448,120.7352,145.2831,169.63008218695785,194.05187806208113
35.06833,60.61811,83.16203,108.7118,133.34671816520583,156.67447430161133,179.88083280349582
44.0859,66.62982,95.18546,117.2284,141.2864089965238,164.8436101567005,188.60769218499615
47.09175,73.64349,104.203,140.2733,179.3495,203.8973,233.4549
40.57906,66.62982,95.18546,118.2304,151.7958,171.8348,203.8973
37.57321,64.62592,87.67082,108.7118,140.2733,165.8231,183.3572
44.0859,59.11518,81.6591,110.2147,134.2616,161.3143,189.8699
41.08004,66.62982,93.18155,119.7333,144.7821,169.5959675112487,194.20378949451384
49.09566,69.1347,94.68448,120.2343,142.2772,165.7670045957427,189.06325363071466
49.59663,76.64934,102.1991,127.7489,151.7958,176.1766162963886,200.80269451227792
45.58882,65.62787,89.67473,115.2245,141.2753,165.27943073492438,188.96447525658783
47.09175,74.14446,101.6981,132.7587,156.3045,181.62074211780856,207.19192388509407
52.10151,74.64544,93.68253,122.2382,141.2753,163.13931477267394,185.32274011129562
45.08784,65.62787,91.17764,115.7255,139.41846922861083,162.48778918822998,185.7250047982197
48.0937,74.64544,95.14616,116.8858,139.81979926897296,161.64700508277886,184.186201215011
42.08199,66.12885,87.67082,114.2225,143.2792,175.3416,202.8953
43.58492,66.62982,90.17569,118.2304,138.2694,159.8114,181.8543
48.59468,73.64349,111.7177,138.7704,166.825,192.3748,218.9266
48.0937,73.64349,98.19131,118.2304,141.2753,170.3319,198.3865
40.57906,67.1308,93.18155,120.7352,147.287,168.8289,190.8719
41.58102,76.64934,108.2108,132.7587,159.3104,183.3572,212.4139
48.0937,67.63177,88.1718,111.2167,139.2714,165.3221,187.866
44.58688,68.63373,93.18155,114.7235,137.7684,158.8094,184.3592
50.09761,79.15422,106.2069,125.244,146.786,170.39656929704995,194.17694410665212
49.09566,73.64349,91.67862,116.7274,134.7626,155.92954356542413,177.32818529669254
40.57906,66.62982,84.66496,107.7099,131.31066421176607,153.22610422539464,175.27047230680984
47.60249,65.62836,92.04051,114.7235,138.17027755741037,161.0286160245808,183.93462357972084
43.08395,68.63373,94.68448,116.7274,141.2753,163.8192,191.8738
50.59858,78.15227,102.1991,127.2479,154.3006,181.3533,201.8934
42.58297,67.63177,92.1796,118.2304,138.2694,159.8114,181.8543
43.08395,65.62787,92.68057,120.2343,150.7938,171.3338,190.8719
46.59077,70.13666,91.17764,109.2128,128.2499,149.48399796785787,170.51144945785796
55.60835,80.65715,111.7177,136.2655,167.827,194.84682878173072,222.08945978666924
46.0898,68.13275,101.1972,124.743,153.7997,180.40769752018355,206.58011856041776
44.58688,71.13861,91.67862,112.7196,136.2655,158.8732169578071,181.45855906976766
50.09761,67.63177,91.17764,113.2206,138.2694,161.4120946685608,184.190406435809
49.59663,69.63568,92.68057,113.7216,134.7626,156.98381274682947,178.95800081617693
47.59273,66.62982,87.67082,116.7274,139.7712350962957,162.1477722421126,184.8827523431658
46.59077,61.62006,83.66301,106.7079,129.88607166823618,151.91437133704335,173.5807765750999
42.58297,62.12103,86.66887,113.2206,142.7782,166.3241,192.3748
46.59077,71.13861,95.68643,131.7567,159.8114,191.3729,216.9227
52.60249,70.63763,98.19131,125.745,148.2889,171.8348,191.8738
47.59273,67.63177,84.66496,113.7216,138.2694,162.8172,187.866
49.09566,76.64934,103.702,129.2518,155.8036,181.09530859865876,206.6039285192042
39.57711,67.63177,92.68057,112.7196,140.7743,165.3516315199775,189.6465945729056
57.11127,81.6591,103.2011,126.7469,147.7879,170.25138611501157,193.16721015718366
50.09761,65.62787,90.67667,120.2343,134.2616,156.05343773915658,177.56551803205014
45.08784,70.13666,94.1835,118.2304,148.7899,173.92839900486481,198.97528639988553
54.6064,76.64934,97.69034,120.2343,147.287,170.65309949585182,194.18469662323508
47.09175,68.13275,88.67278,111.7177,137.7684,163.8192,186.8641
51.60054,67.63177,93.68253,115.2245,137.2675,161.3143,182.8563
44.0859,70.13666,94.68448,117.7294,137.7684,166.825,191.3729
44.58688,77.65129,99.19327,121.7372,142.7782,164.8211,190.8719
47.09175,74.64544,101.1972,121.7372,143.2792,166.83363469772866,190.39270710557957
55.10737,75.64739,97.18936,122.7391,144.7821,167.41108297897,190.2221275999467
44.0859,71.63958,100.6962,123.2401,145.784,170.33072578492767,194.75492725972288
54.10542,72.64153,100.1952,127.2479,154.8016,180.0064245638609,205.13411718568756
40.57906,66.62982,85.66692,104.704,123.2401,144.17113805514137,164.8600907234001
44.0859,68.63373,96.18741,117.2284,136.7665,159.96724054872027,182.85920390810304
43.58492,71.63958,99.19327,120.7352,144.7960354464758,168.29240781225823,192.42010660192602
49.59663,82.66106,111.2167,140.7743,164.31104794153606,188.42316298897322,214.4852829845612
54.6064,75.64739,107.7099,130.2538,161.8153,194.3787,225.4392
54.10542,79.15422,106.2069,135.7645,159.8114,190.8719,211.4119
46.59077,67.1308,88.67278,110.7157,135.2635,153.2987,169.8309
48.0937,70.63763,87.16985,111.2167,133.7606,156.3045,181.3533
57.11127,82.66106,101.6981,122.7391,149.7919,172.7770166531016,196.24555300019995
53.60444,78.15227,97.69034,127.2479,153.2987,177.02816955092163,201.26809631873147
63.12299,85.66692,109.2128,132.2577,160.8133,185.17607533633122,210.0590653755819
43.58492,65.62787,88.1718,108.2108,135.7645,159.28299012357274,182.38613926185883
52.60249,71.63958,93.18155,118.2304,138.2694,160.30904158732477,182.3216235638348
48.0937,77.15031,94.1835,116.7274,136.2655,157.5510064291117,179.24182294404437
51.09956,76.64934,103.2011,129.2518,152.37487842064516,175.51781382292697,199.82541332515433
43.08395,63.12299,88.67278,112.7196,136.6378809846661,159.7777077335586,182.86611720644817
68.63373,98.19131,126.246,144.7821,170.8329,203.3963,238.4646
71.13861,90.67667,109.7138,133.2596,155.8036,175.3416,196.3826
42.58297,70.63763,93.68253,116.2265,135.7645,163.3182,187.3651
60.11713,91.17764,118.2304,144.2811,171.3338,203.3963,228.4451
45.08784,67.63177,92.68057,118.2304,141.2753,165.0220209438656,188.561891376125
42.58297,64.12494,84.66496,106.2069,135.2635,158.77912345586438,181.89053437729484
53.10347,83.66301,108.7118,135.2635,155.8036,179.6618463008284,204.17276785694025
47.09175,81.15813,101.1972,127.7489,156.8055,181.57812553610574,207.04831998765115
51.09956,69.1347,93.18155,115.2245,138.06183794523676,160.19089543407193,182.55403327268766
42.58297,66.62982,98.69229,128.7509,153.3453213082662,178.38135342817063,204.10919211363915
47.09175,68.13275,90.17569,111.2167,137.2675,156.8055,184.8602
50.09761,67.63177,91.17764,116.7274,137.7684,159.8114,177.3456
46.0898,71.13861,91.67862,110.2147,134.2616,153.2987,176.3436
33.06442,52.60249,80.65715,109.7138,129.2518,152.7977,175.8426
55.60835,81.6591,99.69424,124.743,145.784,176.8446,198.3865
47.09175,66.12885,91.67862,114.7235,137.2675,159.3104,186.3631
44.0859,70.13666,96.68839,127.2479,150.7938,177.3456,205.9012
52.60249,78.15227,111.2167,140.2733,163.3182,188.868,213.9168
38.57516,59.61616,80.15617,103.2011,128.7509,154.3006,175.8426
44.0859,69.63568,100.1952,122.7391,142.2772,163.3182,183.3572
38.07418,62.12103,84.66496,103.702,129.2518,152.7977,177.3456
42.08199,67.1308,95.68643,120.2343,139.2714,164.3202,186.3631
40.07809,53.60444,79.15422,104.203,129.7528,148.2889,169.3299
43.08395,66.62982,90.17569,118.2304,151.2948,171.3338,187.866
53.81997,78.41319,104.0757,126.8868,147.9158,166.4498,188.9045
43.8401,62.01771,86.61093,108.3528,134.3717,159.6778,186.766
39.91945,63.79983,89.1059,106.2142,127.5997,141.1438,165.3806
45.97865,73.77969,104.7885,142.213,165.737,187.8353,214.9234
54.17639,79.12604,100.8679,124.3918,151.8365,176.7861,194.2509
34.57309,55.95851,81.97743,108.3528,132.946,162.1727,194.9637
38.49375,70.21545,91.95729,117.6198,143.9951,166.4498,188.9045
48.83003,71.64114,107.9964,143.9951,176.7861,209.5771,239.8731
44.19653,76.27466,103.0064,128.3125,153.6186,174.6476,200.3101
41.70156,68.43333,97.66006,122.6097,152.1929,178.2118,203.8743
46.69149,73.42326,98.72934,117.9762,142.9259,166.7373448911753,190.4703466328399
43.48368,63.79983,89.46233,110.4913,134.3717,157.79943961453034,180.6716161858712
40.63229,62.73056,86.61093,110.8477,131.5203,154.31088709035035,176.66720262816511
38.57516,66.62982,89.17375,115.7255,136.7665,159.9687351378724,183.10083929084612
39.57711,57.61225,77.15031,95.18546,116.2265,137.17536500587102,157.3139090917196
46.59077,64.12494,86.16789,108.7118,129.7528,151.73894346045867,173.26361886529332
49.09566,63.12299,82.66106,111.7177,137.2675,160.1368768624734,182.67774750099375
54.6064,83.16203,101.1972,116.7274,137.2675,158.21979609010077,179.60084774935336
48.59468,74.64544,93.18155,117.2284,135.7645,159.3104,180.3514
43.08395,68.63373,94.1835,118.2304,142.2772,164.3202,188.367
43.58492,76.14837,99.19327,122.7391,144.7821,170.3319,191.3729
43.58492,61.11908,83.16203,109.2128,132.7587,159.3104,180.8524
53.60444,76.64934,101.6981,124.2421,140.2733,156.3045,174.8407
46.59077,68.13275,85.16594,108.7118,133.2596,156.8055,175.3416
54.10542,75.14642,101.1972,120.7352,137.7684,162.8172,188.367
46.59077,85.16594,121.2362,145.2831,164.3202,188.367,213.4158
52.60249,77.15031,100.1952,123.7411,159.3104,180.8524,212.9148
38.57516,76.14837,105.205,134.7626,156.3045,180.8524,204.3982
41.58102,67.1308,93.18155,112.7196,131.7567,150.7938,172.3358
39.07613,57.61225,85.66692,104.704,123.2401,143.7801,175.3416
47.09175,71.13861,94.1835,118.2304,141.2753,163.3182,188.367
43.58492,76.14837,102.1991,132.7587,154.3006,180.8524,203.8973
56.10932,79.6552,99.69424,124.2421,143.2792,165.3221,187.3651
46.59077,77.15031,98.69229,119.7333,140.2733,159.8114,183.8582
40.07809,70.13666,96.18741,129.7528,154.8016,180.5522969199794,206.53872303933042
50.59858,72.64153,105.205,138.7704,158.8094,184.45602122302023,210.1786778686324
44.58688,71.13861,108.2108,128.2499,143.7801,168.29696672206288,192.41899867673249
39.57711,64.62592,88.1718,107.2089,134.7626,158.58711186266228,181.95320546369624
42.08199,71.07101,94.38531,118.4517,138.0056,160.8627616776897,183.7706634844203
42.08199,65.12689,89.67473,113.2206,133.7606,156.66429918264785,179.2187013026081
43.58492,65.62787,89.17375,120.2343,149.2909,174.55029468227255,199.69011413334493
44.0859,67.1308,92.68057,113.7216,139.7723,163.82267532714732,187.50613506095334
41.58102,71.13861,94.68448,121.7372,145.2831,167.326,191.3729
43.08395,67.1308,96.68839,120.2343,146.285,176.3436,201.5559
50.59858,70.63763,96.18741,122.7391,148.7899,165.8231,194.3787
43.58492,66.62982,93.18155,120.7352,140.7743,165.3221,189.369
33.5654,60.11713,85.16594,110.7157,130.7548,156.8055,181.8543
42.08199,70.13666,96.68839,118.2304,141.7762,161.8153,180.8524
38.57516,66.12885,85.66692,111.7177,140.7743,166.3241,186.8641
41.58102,74.14446,97.69034,116.7274,141.2753,161.8153,184.8602
34.56735,66.12885,94.1835,123.7411,149.2909,176.8446,205.9012
46.0898,74.64544,98.19131,129.7528,154.8016,181.3533,214.4178
55.10737,84.16399,107.7099,130.7548,146.285,165.3221,183.8582
35.56931,67.1308,90.17569,109.7138,139.2714,166.825,191.3729
47.09175,79.6552,104.704,134.7626,162.3163,192.3748,221.9324
44.58688,77.15031,105.706,137.2675,160.8133,190.3709,219.9285
51.09956,78.15227,99.19327,131.2557,151.7958,169.3299,193.3768
49.59663,84.66496,111.2167,137.7684,161.8153,183.3572,210.9109
42.58297,66.62982,88.67278,109.2128,129.7528,151.83140033183412,173.60923826595575
45.08784,67.1308,87.16985,111.2167,134.7626,157.2879563887526,179.64016503227708
41.58102,64.62592,86.66887,111.2167,135.0334706145775,157.7086301768973,180.4579611995287
42.58297,67.63177,90.67667,115.7255,139.52683726796027,162.42710172605297,185.70195604821424
35.06833,52.60249,79.6552,101.6981,122.7391,145.77900642017255,167.7382975363355
38.57516,61.11908,82.66106,106.7079,125.244,147.04941586431812,168.4074034279838
38.07418,64.12494,84.16399,106.7079,126.246,147.9926383772148,169.4677273003299
39.07613,55.60835,76.14837,99.69424,119.2323,140.58044791125522,161.14750642204393
44.58688,61.62006,91.17764,109.7138,139.7723,160.3123,181.3533
46.6286,69.19083,87.24062,111.683,132.3651,156.4314,183.1301
45.08784,67.1308,97.69034,122.7391,144.2811,165.8231,190.8719
52.10151,77.65129,100.1952,122.2382,149.2909,176.3436,198.3865
44.58688,69.1347,91.67862,116.7274,147.287,168.328,193.3768
39.07613,67.1308,88.1718,112.7196,138.2694,167.326,191.3729
40.07809,63.62396,89.67473,119.2323,142.2772,165.3221,189.8699
46.0898,74.14446,95.18546,122.7391,148.2889,169.3299,190.8719
38.07418,69.1347,99.69424,132.2577,155.3026,187.866,208.907
41.58102,68.63373,95.18546,112.7196,137.2675,164.3202,191.3729
42.58297,66.12885,89.17375,116.2265,137.7684,157.8075,176.3436
37.57321,57.11127,77.65129,99.69424,125.745,149.7919,170.8329
48.59468,74.64544,97.69034,123.2401,143.7801,171.3338,189.8699
51.09956,71.63958,96.18741,118.2304,141.2753,166.3241,190.8719
44.0859,77.15031,99.19327,129.7528,146.285,168.328,202.3943
40.57906,64.62592,89.17375,117.7294,149.7919,174.8407,193.8777
41.58102,70.63763,91.17764,110.2147,129.7528,151.43850636018303,173.07137586159962
45.08784,71.63958,91.67862,114.7235,134.7626,156.7198605855046,178.75141835592603
38.07418,55.60835,86.16789,110.7157,135.62642172729923,160.02522847278536,183.88600067986897
46.59077,70.63763,91.67862,111.7177,134.84428217242555,156.66321133568334,178.77898403180353
41.58102,69.63568,94.1835,114.2225,136.7665,160.0490550578561,183.15594177294219
47.09175,75.64739,103.702,123.2401,151.2948,176.5482655579995,201.79360954353848
37.07223,65.12689,99.19327,114.7235,140.04730169654516,164.71047220581764,189.34103379998413
43.58492,65.62787,88.1718,104.203,127.7644047115764,149.67623922989358,171.30726444119375
48.59468,72.14056,93.68253,109.2128,127.2479,145.2831,165.8231
47.59273,66.12885,92.68057,111.7177,133.2596,152.7977,173.8387
45.58882,70.13666,99.69424,118.7313,145.784,170.3319,194.8797
50.09761,73.14251,89.67473,111.7177,132.7587,147.7879,180.3514
43.58492,69.63568,93.68253,119.2323,142.7782,163.8192,192.8758
40.57906,65.12689,84.16399,100.6962,116.7274,135.2635,160.3123
41.58102,61.62006,79.15422,102.1991,124.2421,152.2967,173.3377
45.08784,74.64544,96.68839,122.2382,147.287,168.328,188.868
42.58297,62.12103,87.67082,107.7099,132.2577,151.2948,170.3319
50.59858,75.14642,96.18741,121.2362,144.2811,173.8387,197.3846
45.58882,69.1347,92.68057,116.2265,138.2694,158.8094,180.8524
37.07223,61.62006,88.67278,113.2206,139.2714,169.8309,196.3826
48.59468,73.14251,94.68448,126.246,149.7919,175.3416,195.8817
48.0937,70.63763,94.1835,112.2186,137.7684,161.3143,191.3729
49.09566,79.15422,108.7118,128.7509,149.2909,175.8426,203.3963
47.59273,74.14446,95.18546,111.7177,132.7587,157.8075,177.8465
44.0859,69.1347,89.17375,108.7118,132.7587,155.09905651845887,177.2716232632033
44.0859,69.1347,103.2011,129.2518,152.7977,178.9091724384236,204.73968952549797
37.07223,52.10151,75.14642,98.19131,122.55569170394008,145.37280177175327,167.1396027013098
43.58492,63.12299,82.66106,102.7001,126.01994041616841,147.61858491907236,168.85152247925691
37.07223,61.11908,87.67082,110.2147,135.7645,160.1458364934336,183.94109350865318
50.59858,73.14251,97.69034,122.2382,146.786,170.64701722924823,194.5176893335211
34.56735,65.62787,89.67473,102.7001,127.46547737063408,150.2162430556549,172.72057941095358
44.0859,68.13275,91.17764,107.2089,130.76687245209592,152.79648785669127,174.7748164899054
38.07418,68.13275,96.18741,113.2206,137.2675,161.8153,184.8602
43.08395,63.12299,83.16203,99.69424,128.2499,152.2967,175.3416
51.09956,82.66106,105.205,132.2577,151.2948,179.3495,198.8875
42.58297,68.13275,93.18155,117.2284,135.7645,161.3143,192.3748
47.09175,69.1347,95.18546,121.2362,145.2831,166.3241,191.8738
40.07809,67.63177,85.66692,117.2284,144.7821,166.825,189.369
39.07613,61.62006,88.1718,106.7079,135.7645,156.8055,181.3533
50.59858,78.15227,100.6962,124.743,146.285,171.8348,192.3748
38.07418,64.12494,91.17764,118.2304,138.2694,165.3221,189.8699
37.07223,58.11323,89.17375,109.2128,135.2635,158.8094,182.3553
39.57711,65.62787,89.17375,113.2206,137.7684,157.3065,177.3456
35.56931,61.11908,86.16789,108.7118,133.2596,158.3084,179.3495
50.59858,72.14056,96.18741,118.2304,140.7743,164.8211,183.3572
48.59468,71.13861,92.68057,119.2323,140.7743,161.8153,186.3631
49.59663,77.65129,103.2011,127.2479,146.786,168.8289,191.3729
42.08199,65.12689,88.67278,119.7333,142.2772,166.3241,191.3729
42.08199,68.13275,88.67278,110.7157,129.7528,151.4600087141703,173.04380227513917
42.08199,71.63958,101.1972,120.7352,144.7821,169.5674390507859,194.1634251975504
36.57125,58.6142,85.66692,103.702,128.47095610572848,151.86038712842,174.62824166099517
42.08199,66.62982,87.67082,108.2108,131.86561300080922,154.02109186805617,176.2094382428109
35.06833,59.11518,86.66887,113.2206,138.7704,163.80696699783525,188.26585555793469
42.58297,68.63373,93.18155,112.7196,136.2655,159.58079208701386,182.62708925769408
35.06833,56.10932,91.67862,106.2069,131.84049583579022,156.6537662638607,180.62124007600875
42.58297,66.62982,89.17375,104.704,128.38990624177063,150.37482334369238,172.16320320085254
44.58688,75.64739,102.1991,124.2421,146.786,170.3319,194.50006020583203
35.56931,59.61616,77.15031,107.2089,131.2557,155.8036,178.77992566499717
34.06638,63.12299,84.16399,102.1991,145.2831,149.2909,170.8329
38.07418,53.60444,88.67278,109.2128,128.7509,150.2928,173.3377
38.57516,58.11323,81.6591,102.7001,124.743,142.7782,166.825
40.57906,60.11713,79.6552,102.7001,126.7469,147.287,169.8309
45.58882,75.14642,96.68839,116.2265,144.2811,164.3202,184.8602
37.57321,71.13861,100.1952,121.2362,142.2772,172.3358,198.8875
38.07418,62.12103,82.66106,108.2108,127.7489,147.287,166.3241
35.06833,54.10542,75.64739,101.1972,121.7372,144.2811,165.8231
48.0937,69.1347,99.19327,116.2265,136.7665,166.825,191.8738
45.58882,78.65324,101.6981,122.2382,149.7919,173.3377,199.3885
44.58688,68.13275,89.67473,116.2265,137.2675,160.8133,181.8543
36.07028,56.6103,81.6591,106.7079,129.2518,151.7958,178.3475
42.08199,65.62787,87.67082,108.7118,125.745,155.8036,178.3475
33.5654,58.6142,81.6591,104.704,128.2499,149.7919,177.8465
39.57711,60.11713,84.16399,108.2108,132.2577,152.2967,171.8348
35.06833,61.11908,84.16399,105.205,129.2518,146.285,169.3299
41.58102,69.1347,90.17569,113.2206,139.7723,160.3123,180.8524
33.06442,56.6103,79.15422,104.203,123.2401,149.2909,173.8387
34.06638,60.61811,86.16789,104.704,121.7372,148.7899,171.3135307259572
39.07613,57.11127,83.66301,103.702,128.2499,147.287,168.85962184539972
54.6064,75.64739,106.2069,129.7528,149.2909,174.3397,192.8758
35.06833,59.61616,80.15617,104.203,132.7587,155.8036,182.3553
35.56931,61.62006,82.16008,104.704,128.2499,151.2948,173.8387
41.08004,62.62201,87.67082,106.7079,129.2518,153.7997,173.8387
52.10151,72.64153,96.18741,125.244,147.7879,165.8231,187.3651
39.57711,63.12299,96.18741,122.2382,143.2792,164.3202,188.868
43.58492,64.12494,85.16594,105.706,130.7548,155.8036,175.8426
36.07028,61.62006,89.67473,108.2108,131.2557,152.7977,174.3397
43.08395,60.61811,87.67082,110.7157,138.2694,157.8075,180.8524
48.0937,66.62982,91.67862,111.2167,131.7567,153.7997,178.8485
37.07223,62.62201,95.18546,109.7138,135.2635,156.3045,173.3377
43.08395,63.62396,93.68253,118.2304,146.786,169.3299,187.866
44.0859,72.14056,99.69424,128.7509,144.2811,166.3241,189.5869381001989
34.06638,59.11518,82.66106,104.203,129.7528,151.7958,174.46677599125678
34.76086,61.06638,80.79552,100.9944,126.3604,150.3172,170.0464
32.06247,58.6142,83.66301,103.702,123.7411,150.2928,171.3338
34.56735,56.6103,79.15422,101.1972,124.2421,148.7899,168.8289
32.56345,57.61225,83.66301,104.203,126.246,146.786,169.8309
38.57516,59.61616,84.16399,109.7138,131.2557,153.7997,179.3495
42.08199,63.12299,86.16789,110.7157,132.7587,152.2967,177.3456
35.06833,60.11713,87.16985,109.2128,133.7606,156.3045,179.3495
40.07809,63.12299,86.66887,110.7157,133.7606,158.8094,181.8543
44.0859,65.12689,92.1796,111.7177,139.7723,161.8153,185.3611
37.07223,60.11713,90.67667,108.7118,132.7587,155.8036,180.8524
44.58688,71.63958,96.68839,116.2265,155.3026,173.8387,188.868
36.07028,64.12494,87.16985,106.7079,129.7528,151.7958,174.3397
37.57321,62.12103,87.67082,113.7216,138.7704,160.8133,178.8485
35.06833,59.11518,83.66301,109.7138,135.2635,158.8094,180.3514
42.08199,56.10932,80.65715,103.702,126.7469,147.7879,174.8407
44.58688,69.1347,97.69034,119.2323,145.2831,161.8153,187.3651
36.57125,60.11713,84.16399,109.7138,130.7548,149.2909,171.8348
35.06833,56.6103,79.15422,102.1991,123.2401,148.2889,169.3299
44.58688,69.63568,90.67667,117.2284,140.7743,167.827,192.3748
40.57906,59.61616,80.15617,104.203,126.7469,151.7958,175.8426
45.58882,67.63177,93.68253,116.7274,142.7782,167.827,190.8719
38.07418,60.11713,83.66301,108.7118,132.7587,151.7958,174.8407
42.08199,63.62396,86.66887,115.7255,134.2616,154.8016,176.71874125986062
39.07613,63.62396,84.16399,113.2206,134.7626,154.3006,176.30181918829282
35.56931,58.6142,78.65324,101.1972,120.2343,141.67088616970744,162.54858827047565
33.5654,55.60835,78.65324,98.69229,119.7333,141.94089259125542,163.3020150239264
41.58102,71.13861,97.69034,124.2421,145.784,164.3202,186.8641
39.07613,61.11908,82.66106,106.7079,135.7645,159.3104,185.3611
38.57516,60.11713,82.16008,106.7079,129.7528,152.63053151061757,174.99663569340612
35.72353,56.7816,78.9678,99.2738,119.9558,141.8610916348262,162.98072853121317
35.06833,57.61225,79.15422,104.704,127.2479,150.0702020922593,172.33070786269633
40.07809,64.12494,86.16789,111.2167,132.2577,154.9255131081548,177.31471434790535
39.07613,57.61225,82.16008,105.706,126.246,148.8480524829965,170.70087258120577
41.08004,66.62982,88.1718,109.2128,130.2538,152.47579251601124,174.44694005966682
37.07223,65.62787,90.67667,118.2304,140.2733,164.3957628889764,188.3866315087261
37.57321,60.61811,84.66496,107.7099,132.7587,156.4549403021599,179.59612880603214
39.07613,60.61811,88.67278,115.7255,140.34990730062555,164.51424190157297,188.6606683624766
55.10737,77.15031,97.18936,117.2284,139.27260644055556,160.3131924342916,182.08129864389713
37.57321,58.6142,81.15813,103.2011,127.49431655969634,150.25624870929917,172.49671632957723
42.08199,65.12689,90.67667,110.7157,134.73986654678515,157.68694081503097,180.58522898519448
35.06833,65.12689,89.17375,118.7313,143.54893689879603,167.6184645027989,192.20418216869467
43.58492,69.1347,99.69424,117.2284,141.50056115816452,165.17973464915812,189.11667591084904
39.57711,57.61225,80.15617,101.1972,125.2333670698465,147.70840917591866,169.48609036410215
41.58102,69.1347,92.1796,114.7235,138.6382684445033,161.4578417690248,184.6830726069859
40.57906,63.12299,82.16008,98.69229,122.31096005022945,143.78686895925588,164.766800731751
34.56735,56.10932,77.15031,100.1952,124.7189594448598,147.47440078424745,169.55381038914862
40.57906,65.12689,88.67278,111.2167,130.2538,152.59387964492237,174.6052409611903
32.06247,53.60444,76.64934,101.1972,124.743,147.94055040607333,170.32341546235193
43.08395,67.1308,89.67473,112.47132277621765,136.58703638910168,159.34827439758266,182.2241496197725
42.08199,64.62592,83.66301,107.1437423190888,131.41420280609063,153.7547151385344,175.88768009174072
33.5654,59.11518,85.66692,112.7196,137.8784939939847,162.2007727494965,186.4360960755953
52.60249,72.14056,97.69034,122.2382,145.0556482656648,167.62920155377995,190.83659192938399
42.08199,73.64349,100.1952,130.2538,154.4847158695692,178.68136153369124,204.12176118254348
34.06638,59.11518,85.16594,111.7177,136.7696427254162,160.90893658495327,184.9188849312053
34.56735,51.60054,69.1347,92.68057,112.7196,133.5176399108952,153.4345117760992
36.07028,52.10151,70.13666,90.17569,105.205,124.5973937582327,143.00929116223188
33.06442,56.6103,79.15422,102.1991,121.2362,143.32099971613442,164.72948071750716
40.57906,65.12689,90.17569,110.7157,132.7587,155.8693871417447,178.55547954768008
48.13275,72.19913,97.39361,116.5715,140.6379,164.0555297500843,187.29885758051256
48.50879,66.91289,85.36043,106.0425,127.4766,148.59355180264407,169.4067938584925
35.56931,62.62201,87.67082,110.2147,136.2655,160.60757028722816,184.51073712868924
41.08004,69.63568,95.68643,114.2975,131.898,154.33427838886524,176.53799037791424
46.25256,73.70328,101.9061,130.8609,156.4314,182.12694621305593,207.98647381055633
34.56735,53.92558,75.38287,92.8875,119.9915,142.69741064392085,164.38917483099397
35.31943,63.67936,85.19571,112.5698,135.5237,159.5464,181.9043
35.2916,57.5959,81.31186,108.1335,129.5908,159.2357,182.1047
41.2206,66.63055,94.86383,119.3948,142.0134,161.2121,182.9517
34.16227,55.9019,77.64153,101.3575,130.2016,155.2831,183.234
33.85066,57.4756,84.97926,103.315,129.734,151.6227,173.8372
34.77696,54.92216,81.00488,100.5139,126.8087,150.9829,173.6728
39.24426,62.67789,87.52318,113.7801,138.3431,161.2121,179.846
26.71889,45.64544,68.79576,95.22207,121.2116,147.4195,171.8802
36.26134,58.52708,83.97365,105.8153,131.0498,157.5566,178.55
35.37946,59.18619,86.29942,105.1464,132.5903,155.7357,178.8812
38.73182,65.43046,88.36873,113.1872,141.766,166.5844,185.8638
29.76281,53.63507,79.98756,104.4799,128.6622,159.045,182.6073
39.07613,59.61616,87.67082,114.7235,137.7684,161.8153,187.3651
37.72938,60.6491,84.27404,111.0725,133.9922,161.8485,186.1786
41.40312,63.42606,91.17496,118.043,142.7086,164.7316,186.3141
32.75061,54.49023,79.33553,105.8748,132.1318,155.5654,181.54
40.07809,60.11713,83.66301,110.7157,134.2616,156.3045,179.8504
36.07028,58.11323,82.16008,110.2147,133.2596,155.3026,178.8485
40.07809,62.62201,88.67278,111.7177,136.7665,157.3065,177.3456
32.56345,51.60054,78.65324,102.1991,127.2479,151.2948,176.3436
36.55807,59.02148,81.92533,104.8292,127.733,152.3987,174.4217
33.06442,56.10932,79.6552,103.2011,127.7489,150.7938,173.8387
37.07223,62.62201,86.66887,111.7177,140.7743,166.3241,189.369
37.57321,64.12494,91.67862,115.2245,139.7723,167.326,193.8777
31.56149,56.10932,78.15227,100.1952,124.2421,147.287,170.3319
34.06638,58.6142,84.66496,103.702,127.2479,151.2948,170.8329
39.57711,61.62006,90.17569,116.2265,143.2792,171.8348,192.3748
32.06247,57.11127,81.6591,109.7138,138.7704,163.3182,189.8699
34.21667,54.53281,76.27466,96.59081,121.5405,144.3516,166.8062
36.71163,60.23559,83.75955,103.0064,125.1047,146.8465,167.8755
36.35521,59.16632,80.55173,110.1349,131.8767,155.0443,177.7680340649868
34.92951,56.31493,86.96736,107.2835,129.7382,154.6879,178.08870984886244
37.42448,58.45347,81.62101,103.7193,125.8175,146.4901,170.3705
35.28594,57.02778,78.41319,100.8679,125.1047,147.203,170.0141
38.85017,63.08698,88.39306,111.917,136.5103,157.8957,177.8554
31.36528,53.46354,76.27466,100.155,124.0354,151.48,177.8554
35.99879,59.87917,82.33385,106.2142,128.3125,150.7672,173.5783
33.50382,57.02778,79.12604,102.2936,125.4611,150.0544,171.7962
35.99879,59.87917,85.54167,107.9964,133.3024,154.6879,178.2118
32.07813,53.81997,75.91823,101.5807,126.174,151.8365,175.7168
33.50382,57.74063,80.90816,101.2243,126.8868,147.9158,166.8062
31.7217,50.96858,77.70035,97.30364,120.4712,144.3516,167.5191
36.35521,62.01771,84.4724,109.7785,135.0845,155.7571,175.004
29.58316,48.47361,72.354,97.66006,121.8969,147.5594,173.9347
39.56302,64.15625,89.81875,112.9863,134.0153,154.3314,179.6375
37.7809,58.09705,79.83889,102.2936,126.5304,153.6186,174.2911
41.70156,62.01771,88.03664,115.8377,140.0745,159.3214,177.8554
19.6033,38.49375,65.22552,88.39306,116.5505,142.5694,166.0934
32.79097,53.81997,75.20538,95.1651,117.9762,141.5002,161.4599
32.79097,53.81997,77.34393,96.59081,119.7583,143.9951,160.3906
37.06805,60.23559,83.04671,107.9964,129.3818,149.6979,167.8755
32.79097,53.46354,74.13611,98.37292,121.8969,145.4208,167.1627
34.92951,54.88924,73.42326,96.94723,117.6198,139.718,162.1727
34.92951,54.88924,75.91823,98.37292,116.1941,136.8667,160.0342
32.07813,57.74063,79.12604,103.7193,127.2432,147.203,170.7269
37.7809,56.31493,79.83889,105.145,128.6689,155.0443,173.5783
38.13733,60.94844,87.68021,113.3427,137.9359,158.9649,182.1325
35.64236,58.8099,83.40312,108.7092,134.3717,156.47,179.9939
37.7809,59.52274,83.40312,109.4221,135.7974,155.4007,175.004
32.79097,52.39427,78.41319,103.7193,126.174,147.5594,174.2911
38.85017,59.87917,78.05677,100.155,122.6097,144.1878722091107,165.2489213353681
33.50382,58.45347,76.27466,99.44219,122.9661,145.053429241144,166.66541374978652
34.92951,58.8099,82.69028,107.6399,129.0253,150.0544,172.15536014919832
33.86024,54.53281,78.41319,101.9372,128.6689,150.4108,172.9909128573256
38.49375,61.30486,83.75955,105.145,128.3125,148.9851,171.7962
37.06805,55.60208,79.83889,101.9372,123.3226,148.2722,171.7962
36.71163,59.87917,82.69028,103.3628,126.174,151.8365,170.7269
28.87031,54.17639,79.48247,98.72934,119.4019,143.9951,170.0141
36.71163,59.87917,83.04671,102.65,124.7483,145.0644,167.8755
36.35521,56.67135,79.48247,98.72934,120.8276,145.0644,167.5191
37.06805,65.58195,90.17517,118.6891,139.718,158.9649,178.9247
32.07813,54.53281,72.354,103.7193,128.6689,153.975,181.4196
35.99879,58.45347,85.89809,114.0556,136.1538,157.5392,179.2811
33.86024,55.95851,80.55173,104.7885,131.8767,156.1135,180.3503
38.13733,65.58195,90.88802,119.4019,143.6387,167.1627,185.3403
31.00885,52.39427,78.41319,107.2835,129.7382,160.0342,186.766
43.48368,65.22552,89.81875,117.2634,141.1438,160.0342,182.60565658354562
34.21667,57.02778,84.11597,108.7092,130.8075,159.6778,183.95884395421314
37.06805,60.59201,89.81875,114.0556,137.5795,159.6778,181.776
38.49375,58.8099,84.11597,109.7785,136.1538,161.8163,183.9146
34.57309,55.95851,79.83889,103.0064,127.2432,150.62492824684696,173.23139368776964
36.71163,60.94844,82.33385,103.7193,126.174,148.60621829089322,170.53159545649095
36.35521,63.79983,88.03664,113.3427,135.7974,160.0342,179.9939
31.7217,54.53281,76.27466,100.8679,126.5304,152.9057,175.7168
32.79097,53.46354,76.27466,96.94723,119.7583,143.2823,164.6677
33.86024,54.53281,79.12604,99.44219,122.9661,142.213,165.0241
37.42448,59.52274,84.82882,109.7785,132.946,158.2521,183.5582
37.7809,63.08698,84.4724,110.4913,135.7974,160.3906,184.9839
33.50382,58.8099,80.90816,106.5707,131.5203,156.47,178.5682
35.28594,59.52274,84.4724,109.7785,130.8075,155.7571,177.8554
38.49375,61.66129,88.74948,111.917,136.8667,159.3214,182.1325
36.71163,57.3842,81.26459,106.5707,132.5896,160.3906,182.1325
36.71163,60.94844,83.75955,110.4913,134.7281,160.3906,184.271
36.71163,61.66129,90.17517,114.7684,135.7974,161.4599,182.1325
44.19653,71.99757,104.4321,125.1047,147.5594,170.7269,192.1123
34.21667,57.02778,78.41319,101.2243,132.5896,164.3113,191.0431
33.1474,57.02778,81.97743,105.8578,126.8868,151.1236,172.509
33.86024,58.45347,80.19531,103.0064,127.9561,151.1236,172.8654
39.56302,66.29479,95.52153,118.6891,142.9259,167.1627,191.59982010132984
37.7809,60.94844,86.96736,113.6991,138.2924,168.5884,193.877334682153
35.99879,58.09705,78.05677,100.155,120.4712,142.9259,165.737
34.21667,52.39427,75.20538,97.66006,116.9069,141.5002,167.1627
39.2066,59.87917,87.32378,115.8377,136.5103,160.0342,183.36468344398122
33.86024,57.74063,86.61093,111.917,136.5103,161.4599,185.73085551963618
30.29601,51.68142,74.84896,93.73941,115.1248,143.2823,165.0241
35.64236,60.94844,83.40312,101.5807,123.679,145.0644,162.8856
42.41441,65.22552,90.88802,110.4913,133.6589,157.5392,180.3503
34.57309,58.8099,81.97743,100.5115,127.5997,152.1929,181.0632
33.86024,53.46354,76.63107,95.1651,115.4813,136.1538,157.8957
36.71163,57.02778,80.55173,98.37292,120.4712,140.7873,160.7471
37.06805,63.08698,85.89809,108.3528,135.441,152.5493,174.2911
32.07813,50.96858,78.05677,100.8679,124.0354,150.0544,172.8654
38.85017,63.08698,83.04671,107.9964,130.0946,154.6879,176.7861
35.99879,60.23559,80.90816,106.5707,127.5997,152.5493,175.7168
39.56302,59.87917,80.55173,95.1651,111.5606,130.8075,153.6186
34.57309,52.75069,70.9283,83.04671,103.7193,127.5997,154.3314
35.28594,56.67135,81.26459,98.37292,122.9661,142.9259,165.3806
35.28594,55.24566,80.90816,99.08577,125.8175,146.8465,165.737
40.98872,63.79983,90.88802,112.6299,135.7974,153.975,177.8554
37.06805,54.17639,76.63107,98.72934,127.9561,151.8365,179.9939
37.06805,60.59201,85.18524,110.4913,134.3717,158.6085,182.4889
37.42448,61.66129,85.89809,111.2042,135.7974,157.5392,181.4196
41.34514,70.9283,99.79861,126.174,142.9259,166.4498,185.3403
31.7217,53.81997,75.20538,98.72934,129.7382,160.0342,185.3403
40.27587,62.73056,85.18524,106.9271,131.5203,154.6879,174.6476
34.21667,57.74063,80.90816,102.2936,125.1047,147.5594,173.5783
34.57309,57.74063,81.62101,105.8578,129.7382,151.48,170.0141
32.79097,53.10712,76.27466,105.145,126.5304,150.4108,172.1526
37.42448,57.74063,79.48247,101.5807,123.3226,142.5694,167.8755
38.49375,58.45347,80.90816,100.155,122.2533,141.5002,166.0934
40.27587,68.07691,91.95729,114.7684,141.8566,160.3906,183.2018
33.86024,52.39427,81.62101,105.5014,131.8767,157.5392,183.5582
33.50382,56.31493,84.11597,100.8679,128.6689,151.48,172.1526
33.86024,54.53281,83.40312,100.155,128.6689,151.8365,172.8654
27.08819,47.76077,72.71042,98.37292,123.3226,142.5694,163.9549
33.86024,57.3842,79.48247,103.3628,131.1639,154.6879,176.4297
38.13733,58.8099,84.82882,106.2142,129.3818,153.6186,179.2811
40.63229,64.51267,87.68021,109.7785,135.0845,156.1135,180.7068
38.85017,68.07691,90.17517,116.1941,140.7873,161.1035,182.1325
38.13733,58.8099,81.26459,107.2835,129.3818,156.8264,184.9839
32.43455,53.81997,75.20538,97.66006,118.3326,137.9359,161.4599
35.28594,56.31493,76.63107,97.30364,119.0455,139.3616,160.7471
37.7809,64.15625,89.46233,115.4813,131.5203,149.6979,170.3705
35.28594,50.25573,68.43333,94.45226,119.7583,145.0644,171.7962
32.79097,50.96858,72.71042,94.45226,116.9069,137.9359,158.9649
34.92951,55.24566,77.34393,98.01649,121.8969,139.718,158.9649
37.7809,57.02778,80.55173,99.79861,123.679,145.7773,166.8062
33.50382,54.53281,78.41319,99.08577,124.7483,145.7773,166.8062
40.27587,62.73056,83.75955,111.2042,134.0153,154.6879,181.776
39.91945,60.23559,83.04671,111.2042,132.2332,156.47,180.7068
37.06805,63.08698,93.02657,115.4813,142.213,162.1727,181.0632
31.7217,53.10712,78.05677,102.2936,131.5203,159.6778,182.8453
37.06805,60.94844,86.61093,107.9964,134.3717,152.5493,177.499
40.27587,57.02778,82.69028,106.5707,132.5896,155.4007,180.7068
42.41441,63.79983,91.95729,114.412,136.5103,156.8264,181.4196
42.05799,63.79983,90.88802,114.0556,136.5103,157.5392,181.4196
37.06805,60.94844,87.32378,109.4221,138.6488,164.3113,186.0531
34.92951,64.15625,92.31371,115.4813,140.4309,164.6677,183.9146
35.99879,65.93837,96.23438,126.8868,148.6286,168.9448,192.8252
36.35521,54.88924,79.83889,110.8477,141.1438,170.7269,192.8252
37.06805,57.74063,80.19531,102.65,124.7483,146.4901,167.1627
34.57309,52.75069,75.56181,100.5115,123.679,146.4901,169.3012
28.66875,46.58672,66.76103,89.44341,115.8111,136.7502,164.9274
24.07813,47.88871,70.8967,96.3125,119.588,140.4557,162.6611
31.90361,53.64324,77.07687,101.3575,128.4614,155.0007,178.152
29.92728,55.9019,78.20619,100.7928,122.2501,146.2484,165.7294
32.46828,52.51391,76.22987,104.1808,127.6144,151.8951,175.8934
29.08028,51.10225,78.48853,105.8748,129.8731,149.6364,176.1757
31.38056,53.10556,74.98143,95.95209,119.7892,145.8894,166.8601
31.38056,54.46337,78.75313,100.3273,124.617,145.2859,168.2179
29.58906,53.9632,77.5382,100.3186,126.3533,145.8793,165.2639
28.50243,49.0507,75.23316,98.82292,124.1502,144.816,170.7648
28.44054,49.10851,74.01606,94.86068,117.8251,142.2027,161.8108
26.25104,50.0882,70.15366,95.65035,116.3193,140.9108,162.9375
29.5276,51.82396,75.52639,96.01494,118.3113,141.612,167.1222
29.24436,50.16849,76.45399,99.13672,119.033,144.4392,167.4931
26.55278,49.78646,68.19237,92.02953,114.6597,137.1391,158.5623
26.38959,47.8954,70.45522,92.98595,116.3594,139.6656,159.0331
30.45486,52.33247,75.5217,100.6875,121.9748,142.2691,162.638
22.60417,40.31076,61.11563,86.55816,111.9441,132.7639,159.7693
32.56345,55.60835,79.6552,100.6962,127.2479,149.7919,174.3397
35.56931,60.61811,85.16594,107.2089,127.2479,150.7938,171.3338
35.56931,57.61225,82.66106,103.2011,128.7509,149.7919,171.8348
39.07613,59.61616,81.6591,101.6981,126.246,150.7938,172.3358
35.99879,58.09705,78.76962,104.4321,125.1047,149.6979,173.5783
37.42448,58.09705,80.90816,105.145,127.5997,148.9851,170.7269
40.27587,64.51267,90.88802,110.4913,131.8767,155.0443,180.7068
38.49375,60.59201,86.25452,103.3628,127.5997,153.2621,184.6274
36.35521,59.52274,80.90816,108.3528,129.7382,154.6879,176.0733
32.07813,57.3842,80.19531,105.5014,132.946,154.3314,176.0733
42.05799,62.73056,86.25452,107.2835,131.8767,157.1828,176.7861
34.57309,63.08698,86.25452,106.9271,130.8075,153.6186,176.7861
39.56302,63.79983,89.81875,112.9863,136.1538,161.4599,187.8353
37.7809,61.66129,84.82882,109.7785,135.7974,159.3214,184.6274
34.21667,55.24566,78.05677,97.66006,120.8276,143.2823,165.737
33.86024,55.95851,79.83889,99.08577,124.3918,145.0644,166.8062
33.1474,55.24566,78.05677,100.5115,121.8969,148.6286,174.6476
38.13733,60.59201,81.26459,106.2142,129.7382,151.8365,172.1526
33.1474,55.24566,78.41319,101.2243,126.174,148.6286,173.5783
38.49375,60.23559,82.69028,106.2142,129.3818,149.6979,173.2219
38.13733,60.94844,82.33385,102.2936,124.7483,146.4901,169.3012
34.21667,54.53281,77.34393,101.2243,125.4611,146.8465,168.5884
33.5654,57.11127,79.6552,100.1952,122.2382,150.2928,167.326
35.56931,55.60835,78.15227,100.6962,120.7352,143.7801,167.827
36.07028,57.11127,80.15617,101.1972,126.7469,149.2909,172.3358
32.56345,53.10347,79.6552,103.2011,125.745,148.7899,169.3299
34.06638,56.10932,79.6552,104.203,130.2538,150.7938,176.3436
36.57125,59.11518,83.66301,106.7079,131.7567,156.3045,173.3377
35.06833,57.11127,82.16008,102.1991,123.7411,149.7919,172.3358
36.07028,59.61616,81.15813,101.6981,128.2499,150.2928,170.3319
35.56931,57.11127,81.6591,104.704,129.2518,150.2928,173.3377
34.56735,57.61225,82.16008,104.203,126.7469,148.7899,172.3358
39.57711,58.11323,84.16399,107.2089,128.7509,153.2987,178.3475
34.56735,55.60835,81.15813,103.702,127.2479,151.7958,175.3416
37.06805,57.3842,81.26459,104.4321,129.3818,148.2722,172.509
35.28594,55.24566,80.55173,101.5807,125.4611,149.3415,171.4398
34.57309,53.46354,77.70035,97.66006,121.5405,144.708,167.1627
36.71163,59.87917,81.97743,100.5115,124.7483,144.708,164.6677
35.64236,63.08698,89.46233,107.6399,125.8175,152.1929,177.499
35.28594,61.66129,79.12604,101.5807,125.4611,150.4108,174.2911
35.64236,62.37413,85.18524,111.917,135.441,158.9649,182.1325
32.79097,58.8099,81.97743,110.4913,134.7281,158.2521,178.5682
37.06805,60.59201,90.88802,117.6198,141.1438,163.5984,183.5582
28.15747,52.75069,75.20538,103.7193,133.3024,159.3214,182.1325
35.28594,55.24566,75.91823,99.79861,121.184,143.9951,167.5191
35.64236,57.74063,79.12604,102.65,125.4611,143.6387,167.8755
38.85017,62.01771,88.03664,110.4913,134.0153,155.7571,177.1425
30.65243,53.46354,76.63107,100.8679,124.3918,148.9851,175.004
35.64236,57.74063,79.48247,103.0064,122.2533,145.4208,167.8755
34.57309,55.60208,76.9875,99.08577,124.3918,146.4901,168.5884
27.925,39.17257,51.58368,63.02517,74.46667,84.5507,94.4408
19.08247,30.53194,42.38316,53.02917,65.28212,79.54375,93.00191
37.7809,61.66129,85.89809,108.3528,129.7382,157.5392,181.776
33.86024,62.37413,83.40312,107.9964,131.8767,156.1135,181.0632
33.50382,56.67135,80.55173,102.65,123.679,146.36899137327615,168.31907506451927
33.50382,55.24566,79.48247,102.65,121.8969,144.30635243149007,165.916812256154
33.86024,55.24566,76.63107,98.72934,122.2533,142.5694,168.5884
38.49375,58.45347,81.97743,104.7885,124.0354,148.2722,166.0934
30.29601,57.74063,78.41319,100.155,125.16822244103571,148.16451118887025,170.6369818374452
34.57309,56.67135,81.26459,101.5807,126.38887978777576,149.61862715487757,172.15233745059783
42.05799,64.86909,89.46233,114.412,138.6488,162.8856,188.5481
38.85017,63.4434,88.03664,112.9863,137.9359,160.0342,188.5481
41.34514,70.9283,99.79861,124.7483,148.2722,170.0141,191.7559
31.36528,55.24566,76.27466,104.4321,135.441,165.737,191.0431
38.57516,62.12103,84.66496,114.2225,139.7723,163.8192,188.367
41.08004,62.62201,89.67473,117.2284,140.7743,163.8192,187.3651
39.57711,66.12885,96.18741,120.2343,152.2967,171.3338,188.367
31.56149,51.09956,82.16008,109.2128,136.7665,161.3143,188.868
37.57321,60.61811,91.67862,113.7216,138.2694,167.326,189.369
37.57321,66.62982,91.17764,112.7196,143.7801,164.8211,189.8699
38.13733,63.79983,96.59081,121.184,146.4901,166.4498,192.4688
40.98872,59.87917,89.1059,114.412,142.5694,173.5783,196.7458
36.71163,56.31493,81.26459,105.8578,130.0946,152.5493,173.9347
35.99879,59.52274,82.69028,107.9964,131.8767,151.48,176.0733
36.35521,59.87917,85.54167,109.4221,134.3717,156.47,177.499
33.1474,56.31493,82.33385,108.3528,132.946,157.1828,178.5682
33.86024,57.3842,78.05677,98.72934,122.9661,142.5694,162.8856
30.65243,51.325,75.20538,96.23438,116.5505,140.4309,161.8163
37.7809,59.52274,83.40312,109.4221,132.946,155.0443,177.8554
32.43455,52.75069,78.41319,102.2936,126.8868,148.2722,174.2911
33.50382,53.81997,77.70035,101.5807,124.0354,147.9158,170.3705
36.71163,61.66129,82.69028,107.6399,130.0946,152.1929,171.7962
34.92951,60.59201,82.69028,106.5707,134.7281,158.9649,179.6375
32.07813,55.95851,80.55173,107.2835,129.7382,157.8957,180.3503
35.28594,59.16632,83.40312,106.9271,129.3818,152.66396882465457,175.3569787946584
34.21667,59.16632,82.33385,106.2142,128.6689,151.8150069867881,174.42349049811156
42.41441,64.51267,89.1059,109.7785,131.1639,154.3314,176.67752770593955
33.86024,55.24566,76.63107,101.9372,123.3226,154.3314,178.0028917643097
30.65243,52.39427,75.56181,98.01649,123.679,143.9951,167.8755
39.2066,58.45347,82.33385,106.2142,128.6689,150.0544,171.7962
36.35521,62.37413,82.33385,108.7092,130.8075,153.6186,176.0733
35.64236,58.09705,80.19531,108.3528,127.9561,153.2621,179.2811
38.13733,62.37413,85.18524,110.1349,132.5896,157.8957,181.0632
35.64236,59.87917,83.04671,107.9964,131.1639,158.6085,182.4889
33.1474,57.3842,83.40312,104.7885,127.2432,155.7571,176.7861
33.1474,61.66129,81.97743,101.5807,127.9561,153.2621,174.6476
37.7809,58.09705,82.69028,105.145,127.5997,149.6979,173.2219
36.35521,57.74063,80.19531,104.0757,124.3918,147.203,173.9347
35.99879,60.59201,87.68021,110.1349,130.8075,155.0443,179.9939
36.35521,59.52274,83.75955,107.2835,129.7382,157.1828,179.2811
33.86024,55.60208,75.91823,99.08577,127.2432,151.48,173.2219
35.99879,58.45347,82.69028,106.2142,126.5304,148.6286,171.4398
36.71163,62.37413,85.54167,113.3427,137.9359,159.6778,181.0632
30.65243,53.81997,76.27466,104.0757,127.9561,151.8365,178.2118
32.43455,54.88924,78.05677,99.79861,120.4712,145.7773,165.3806
35.64236,58.8099,77.70035,99.44219,123.3226,143.9951,164.3113
30.65243,53.10712,78.05677,100.5115,122.2533,145.0644,164.3113
33.50382,55.60208,77.70035,96.59081,121.5405,143.9951,165.737
36.35521,58.45347,81.26459,104.4321,130.8075,151.1236,174.6476
33.86024,55.24566,80.90816,103.7193,127.2432,149.6979,175.3604
34.21667,58.09705,81.97743,101.2243,127.9561,150.7672,176.0733
33.86024,55.95851,82.33385,105.5014,126.8868,152.1929,175.004
37.42448,61.30486,83.40312,106.2142,132.5896,157.1828,180.3503
40.98872,63.79983,86.96736,111.917,133.3024,158.2521,179.2811
42.05799,65.93837,89.46233,116.9069,142.9259,163.242,188.5481
38.85017,60.23559,84.11597,110.4913,134.3717,159.6778,187.4788
42.05799,68.43333,91.24445,117.2634,145.4208,166.0934,193.538
42.41441,60.23559,88.74948,115.1248,137.5795,162.8856,190.3302
37.7809,62.01771,87.32378,117.2634,141.1438,165.3806,188.1917
34.92951,60.59201,81.26459,110.1349,138.2924,163.9549,186.766
38.13733,62.73056,86.96736,114.0556,141.5002,168.2319,190.3302
36.09375,64.16667,90.90279,117.6389,143.7066,166.0981,191.1632
41.34514,67.72049,92.31371,122.6097,148.6286,175.7168,199.5972
34.21667,62.73056,90.5316,120.1148,145.7773,172.509,198.1715
37.06805,61.30486,84.4724,106.9271,127.2432,148.6286,166.0934
33.86024,55.95851,74.13611,99.08577,120.4712,143.2823,168.2319
37.7809,64.15625,92.31371,115.1248,139.718,158.2521,179.9939
31.36528,47.40434,75.91823,97.30364,125.1047,150.7672,172.8654
42.41441,65.58195,88.74948,113.3427,135.7974,160.7471,182.4889
34.21667,56.31493,79.83889,106.2142,130.0946,152.1929,181.0632
41.70156,66.29479,86.96736,116.5505,137.9359,164.3113,186.4095
32.79097,57.02778,78.76962,107.6399,130.8075,155.7571,183.2018
36.35521,59.16632,81.26459,104.0757,125.1047,144.3516,168.9448
38.13733,55.24566,77.34393,98.72934,120.4712,142.213,167.1627
35.28594,62.01771,87.68021,110.1349,135.441,159.6778,191.7559
43.12726,69.14618,93.38299,116.5505,143.2823,167.5191,189.9738
38.49375,61.66129,86.61093,111.5606,137.2231,157.5392,181.776
38.13733,59.16632,84.11597,110.1349,133.6589,156.1135,179.6375
36.71163,63.4434,89.46233,115.1248,140.4309,161.1035,178.2118
30.65243,51.325,76.63107,101.2243,125.8175,152.9057,177.8554
32.79097,54.17639,76.27466,98.72934,119.4019,139.0052,159.3214
31.00885,50.96858,76.27466,96.59081,117.2634,140.0745,161.1035
37.42448,62.01771,85.89809,110.1349,131.1639,155.4007,172.509
29.22674,50.25573,71.64114,95.1651,120.1148,145.7773,169.6576
38.85017,60.94844,83.40312,105.5014,126.5304,148.9851,171.7962
36.71163,61.66129,80.55173,104.0757,127.9561,151.1236,175.7168
35.99879,60.59201,87.32378,110.1349,134.0153,155.7571,177.8554
35.28594,55.95851,78.41319,102.2936,125.4611,153.975,177.1425
32.07813,52.75069,79.12604,101.2243,126.8868,148.6286,169.3012
32.43455,56.31493,81.26459,103.7193,129.3818,149.3415,170.0141
38.49375,67.72049,91.60088,115.4813,138.6488,160.0342,181.776
35.99879,55.24566,78.05677,102.2936,126.8868,156.8264,181.776
33.1474,55.60208,77.70035,96.94723,120.8276,143.2823,168.5884
35.28594,57.02778,80.55173,99.44219,120.1148,142.9259,168.5884
38.85017,59.87917,83.04671,104.4321,130.451,151.8365,174.2911
34.92951,55.60208,81.97743,103.0064,125.4611,148.6286,172.509
38.49375,61.30486,84.11597,104.4321,130.8075,155.0443,178.2118
38.49375,60.94844,84.4724,103.7193,129.3818,151.1236,174.6476
39.2066,61.30486,86.61093,110.8477,135.7974,156.1135,179.2811
36.71163,56.31493,80.19531,105.8578,131.5203,156.1135,180.7068
35.64236,57.74063,79.48247,103.0064,126.174,150.0544,171.7962
34.21667,57.02778,80.55173,103.7193,124.7483,147.5594,170.0141
34.92951,58.09705,83.04671,103.7193,128.3125,151.1236,177.499
37.7809,59.87917,86.61093,106.9271,132.946,153.975,177.8554
42.41441,66.29479,87.32378,108.7092,132.946,156.8264,183.2018
37.06805,61.30486,87.68021,109.7785,131.1639,153.975,181.776
38.49375,62.01771,96.23438,112.9863,134.7281,158.9649,179.6375
35.28594,57.02778,79.48247,99.79861,129.7382,153.6186,179.2811
35.64236,58.45347,77.70035,101.2243,120.8276,146.4901,167.5191
33.50382,58.45347,81.97743,103.0064,123.3226,145.7773,167.8755
33.1474,57.02778,82.69028,104.4321,128.6689,151.48,173.2219
34.57309,55.60208,81.97743,104.4321,128.6689,153.975,173.9347
32.43455,52.03785,74.84896,95.87795,120.4712,138.6488,163.242
34.92951,54.53281,80.19531,100.8679,125.8175,146.1337,166.4498
40.98872,61.30486,83.75955,105.5014,127.2432,145.7773,168.5884
33.50382,55.60208,76.9875,96.94723,120.8276,142.5694,167.8755
37.7809,59.52274,84.11597,109.4221,131.1639,154.3314,176.0733
39.2066,60.94844,85.18524,109.4221,133.6589,154.3314,175.7168
33.86024,57.74063,84.11597,109.7785,132.5896,156.1135,175.004
35.64236,58.8099,85.89809,111.2042,134.3717,155.7571,178.2118
35.28594,56.67135,82.33385,104.0757,127.9561,149.6979,170.7269
36.71163,57.74063,79.48247,102.2936,127.5997,149.3415,170.7269
38.85017,59.52274,85.54167,109.7785,137.9359,159.3214,179.6375
30.29601,52.39427,78.76962,103.3628,128.6689,151.1236,176.7861
39.91945,60.23559,83.40312,106.9271,129.7382,152.5493,175.004
35.99879,55.95851,82.69028,108.7092,131.5203,153.2621,177.1425
35.64236,65.22552,92.67014,114.7684,139.3616,163.5984,185.6967
35.28594,56.67135,84.82882,106.2142,134.3717,163.5984,187.4788
39.91945,62.01771,89.81875,110.4913,131.5203,151.8365,176.0733
34.92951,55.60208,74.84896,98.37292,126.5304,150.0544,174.2911
34.21667,57.3842,79.48247,105.145,126.174,146.8465,173.5783
38.49375,58.45347,79.83889,107.2835,128.6689,151.48,172.8654
35.06833,58.11323,86.16789,108.2108,134.2616,159.8114,179.8504
33.06442,57.11127,80.15617,102.7001,129.2518,153.2987,175.8426
40.57906,68.13275,95.18546,117.2284,140.2733,162.3163,177.8465
32.56345,53.10347,77.65129,98.69229,127.2479,152.2967,178.8485
40.57906,59.61616,79.15422,103.2011,128.2499,152.2967,174.3397
38.07418,60.61811,85.66692,108.2108,128.2499,149.7919,174.3397
37.07223,64.12494,86.66887,107.7099,133.2596,156.3045,182.3553
38.07418,61.62006,85.16594,108.2108,130.7548,158.8094,178.8485
36.57125,56.6103,81.6591,103.702,126.246,147.7879,170.8329
35.56931,56.10932,78.65324,101.6981,125.745,147.287,171.3338
39.07613,63.12299,87.16985,109.2128,134.2616,156.3045,177.3456
32.06247,53.60444,78.65324,100.6962,126.246,152.7977,177.8465
38.07418,60.61811,83.66301,104.203,125.244,145.2831,167.326
35.06833,55.60835,78.65324,100.6962,125.244,148.2889,168.8289
43.08395,63.62396,85.66692,109.7138,134.7626,159.3104,179.8504
34.56735,60.61811,82.16008,105.706,128.2499,152.2967,178.8485
40.07809,60.61811,82.16008,107.2089,129.2518,152.7977,174.3397
38.07418,58.11323,81.15813,106.2069,128.2499,150.2928,174.8407
41.58102,63.62396,92.68057,114.2225,138.7704,159.8114,184.3592
34.56735,60.61811,83.66301,105.706,137.2675,157.8075,182.3553
39.07613,65.62787,90.17569,112.7196,136.2655,158.3084,179.8504
38.57516,59.61616,84.66496,108.2108,131.7567,156.3045,182.3553
38.57516,60.11713,87.16985,108.7118,135.7645,163.3182,185.8621
36.07028,63.62396,91.67862,117.2284,140.2733,161.8153,186.3631
35.56931,59.11518,84.16399,109.2128,131.2557,153.2987,174.3397
34.06638,58.11323,79.6552,104.704,128.2499,152.7977,174.3397
34.56735,61.11908,83.66301,112.2186,133.7606,155.3026,182.8563
39.57711,61.11908,82.66106,114.2225,136.2655,161.3143,182.8563
37.07223,59.11518,82.66106,105.205,129.2518,151.7958,174.8407
36.07028,59.61616,82.66106,104.704,127.7489,152.2967,174.8407
37.57321,62.62201,87.16985,110.2147,131.7567,157.8075,184.3592
39.57711,66.62982,88.1718,111.2167,134.7626,159.3104,183.8582
